kung pao chicken,0.0001212349,0.0105674482,0.9965384615
egg drop soup,0.0001014363,0.0088416990,0.8122033987
love this place,0.0000729659,0.0063600800,0.5997724551
authentic chinese food,0.0000583053,0.0050821876,0.9300000000
chicken fried rice,0.0000558333,0.0048667096,0.9390102389
pork fried rice,0.0000524041,0.0045678061,0.7631877109
hot sour soup,0.0000516980,0.0045062630,0.9942670354
won ton soup,0.0000483880,0.0042177424,0.9676466216
egg foo young,0.0000470443,0.0041006201,0.9747216215
general tso's chicken,0.0000461009,0.0040183849,0.6992596346
beef chow fun,0.0000415066,0.0036179224,0.8059752267
beef noodle soup,0.0000407418,0.0035512584,0.9690102389
shrimp fried rice,0.0000371984,0.0032423993,0.8900000000
honey walnut shrimp,0.0000344976,0.0030069865,0.9629456552
on the menu,0.0000335433,0.0029238056,0.2820677214
americanized chinese food,0.0000298251,0.0025997051,0.9990233546
hong kong style,0.0000290284,0.0025302664,0.7991829156
chicken chow mein,0.0000281252,0.0024515332,0.9500000000
beef and broccoli,0.0000273014,0.0023797240,0.6493407762
chicken lo mein,0.0000272345,0.0023738995,0.8900000000
sweet and sour,0.0000263779,0.0022992302,0.6164343062
great chinese food,0.0000260823,0.0022734619,0.8736535031
house special chicken,0.0000258361,0.0022520060,0.9797076023
hand pulled noodles,0.0000253639,0.0022108473,0.9618020145
sizzling rice soup,0.0000246262,0.0021465417,0.9427202374
house fried rice,0.0000234357,0.0020427782,0.7983108053
pan fried noodles,0.0000229176,0.0019976167,0.7873341599
in the area,0.0000222688,0.0019410652,0.2720677214
the lunch special,0.0000221650,0.0019320100,0.4689089912
salt and pepper,0.0000217895,0.0018992803,0.6896331738
real chinese food,0.0000217472,0.0018955921,0.9105555556
egg flower soup,0.0000213363,0.0018597828,0.9221722922
wonton noodle soup,0.0000207599,0.0018095358,0.9482378659
decent chinese food,0.0000198347,0.0017288917,0.9605555556
best chinese food,0.0000196988,0.0017170491,0.3700000000
dan dan noodles,0.0000194159,0.0016923922,0.9517435919
portions are huge,0.0000189213,0.0016492786,0.6391162329
the egg rolls,0.0000185076,0.0016132185,0.4179323458
egg foo yung,0.0000181484,0.0015819032,0.9857822136
wor wonton soup,0.0000178027,0.0015517773,0.9938702675
general tso chicken,0.0000171785,0.0014973692,0.9590233546
sweet sour chicken,0.0000170250,0.0014839841,0.7957261013
food is great,0.0000158110,0.0013781667,0.3805555556
prices are reasonable,0.0000150216,0.0013093550,0.7188047417
moo shu pork,0.0000149973,0.0013072402,0.9133647757
staff is friendly,0.0000148614,0.0012953925,0.7197076023
xiao long bao,0.0000147799,0.0012882942,0.9582000165
service was great,0.0000144598,0.0012603909,0.4505555556
a chinese restaurant,0.0000143644,0.0012520782,0.1905555556
ma po tofu,0.0000140961,0.0012286850,0.8332291493
the lunch menu,0.0000140719,0.0012265805,0.4489089912
beef with broccoli,0.0000139189,0.0012132381,0.6993407762
in the valley,0.0000136840,0.0011927659,0.2820677214
mu shu pork,0.0000135688,0.0011827211,0.9916363827
service is great,0.0000134627,0.0011734807,0.4705555556
egg rolls were,0.0000129543,0.0011291582,0.4100000000
cheap chinese food,0.0000129329,0.0011272940,0.9282863681
craving chinese food,0.0000127676,0.0011128852,0.9003436911
recommend this place,0.0000126052,0.0010987328,0.5390102389
hot and sour,0.0000125425,0.0010932712,0.6074109516
chinese food place,0.0000125332,0.0010924546,0.8685767739
chinese food places,0.0000123757,0.0010787303,0.9385767739
hit or miss,0.0000122324,0.0010662388,0.8333649962
great lunch specials,0.0000121566,0.0010596305,0.8282000241
american chinese food,0.0000118456,0.0010325257,0.7805555556
chinese fast food,0.0000117425,0.0010235383,0.8905555556
mom and pop,0.0000114705,0.0009998256,0.6586565284
egg rolls are,0.0000113837,0.0009922603,0.4085454545
cream cheese wontons,0.0000113177,0.0009865090,0.8271249963
sweet sour pork,0.0000110264,0.0009611187,0.9635006112
on the strip,0.0000108975,0.0009498830,0.2720677214
white meat chicken,0.0000107475,0.0009368088,0.9600000000
portions are large,0.0000107352,0.0009357309,0.7191715678
quality of food,0.0000103162,0.0008992087,0.4105555556
food was great,0.0000101670,0.0008862095,0.3405555556
egg fried rice,0.0000100965,0.0008800642,0.8822452709
water boiled fish,0.0000100392,0.0008750668,0.8772354186
baby bok choy,0.0000098725,0.0008605374,0.9228563159
on the side,0.0000098570,0.0008591868,0.2523601190
chicken and broccoli,0.0000098337,0.0008571511,0.4705555556
vegetable fried rice,0.0000097054,0.0008459706,0.6844050169
fast food chinese,0.0000096794,0.0008437062,0.8105555556
asian cafe express,0.0000095627,0.0008335338,0.9609394762
kung pow chicken,0.0000094946,0.0008275941,0.9540918477
couple of times,0.0000094918,0.0008273501,0.6693407762
love the food,0.0000093439,0.0008144654,0.5289895245
pan fried dumplings,0.0000092881,0.0008095984,0.8116047807
reviews on yelp,0.0000091785,0.0008000405,0.6588047417
wendy's noodle cafe,0.0000091350,0.0007962544,0.9179619213
hit the spot,0.0000091210,0.0007950367,0.4582790072
war wonton soup,0.0000089046,0.0007761739,0.9419074884
sweet sour sauce,0.0000088491,0.0007713290,0.8675381932
fast chinese food,0.0000087387,0.0007617107,0.9243560033
place to eat,0.0000086587,0.0007547358,0.4405555556
free egg rolls,0.0000085529,0.0007455144,0.9549625216
in the mood,0.0000085285,0.0007433867,0.2720677214
veggie fried rice,0.0000083432,0.0007272395,0.9063763186
needless to say,0.0000082681,0.0007206899,0.3909870130
chinese food restaurant,0.0000082299,0.0007173601,0.8482139621
lunch specials are,0.0000082049,0.0007151841,0.1700000000
delicious chinese food,0.0000081662,0.0007118073,0.9378366036
service was excellent,0.0000081253,0.0007082448,0.4600000000
beijing noodle cafe,0.0000080202,0.0006990810,0.8712816493
black bean sauce,0.0000079402,0.0006921117,0.6649174450
kung pao shrimp,0.0000079283,0.0006910737,0.5494512594
in the middle,0.0000078290,0.0006824132,0.2420677214
chow mein noodles,0.0000077813,0.0006782600,0.8230863507
across the street,0.0000077673,0.0006770363,0.2623601190
close to home,0.0000077332,0.0006740650,0.5550684932
prices are great,0.0000075293,0.0006562916,0.6052845850
chinese food restaurants,0.0000074662,0.0006507952,0.9378366036
black pepper chicken,0.0000073852,0.0006437323,0.9276584065
pick up stix,0.0000073774,0.0006430550,0.7232643866
twice cooked pork,0.0000073508,0.0006407329,0.5183641307
eat chinese food,0.0000073177,0.0006378499,0.9191816328
beef lo mein,0.0000072917,0.0006355823,0.7712959038
great customer service,0.0000072625,0.0006330366,0.9122452709
lunch special menu,0.0000071230,0.0006208776,0.9872810480
green onion pancake,0.0000070886,0.0006178759,0.9825078619
rest of the,0.0000068597,0.0005979237,0.2223601190
portions are big,0.0000067866,0.0005915518,0.6494957379
kung pao beef,0.0000067089,0.0005847860,0.6914569778
down the street,0.0000066473,0.0005794158,0.2520677214
pan fried noodle,0.0000065871,0.0005741661,0.9456105298
singapore rice noodles,0.0000065670,0.0005724091,0.8248772339
sweet n sour,0.0000065606,0.0005718528,0.7756005513
staff was friendly,0.0000065167,0.0005680282,0.5345724672
combination fried rice,0.0000065116,0.0005675869,0.5689935224
honey walnut prawns,0.0000064348,0.0005608877,0.9237419668
pu pu platter,0.0000064204,0.0005596379,0.9558201439
chinese cultural center,0.0000063285,0.0005516268,0.9783736955
food is delicious,0.0000063272,0.0005515076,0.2705555556
chilean sea bass,0.0000063180,0.0005507047,0.9767383667
thai iced tea,0.0000063148,0.0005504256,0.9065116654
black pepper sauce,0.0000062638,0.0005459839,0.8121774691
egg noodle soup,0.0000062394,0.0005438545,0.9645887403
cooked to perfection,0.0000062122,0.0005414903,0.4994056289
on the phone,0.0000061776,0.0005384752,0.2320677214
hand stretched noodles,0.0000061245,0.0005338464,0.9468381098
in las vegas,0.0000060803,0.0005299909,0.1300000000
average chinese food,0.0000060438,0.0005268087,0.9343560033
authentic chinese cuisine,0.0000059079,0.0005149613,0.9133432792
worth the wait,0.0000057297,0.0004994328,0.5483534357
places to eat,0.0000057260,0.0004991068,0.5003436911
pork lo mein,0.0000056645,0.0004937457,0.7589530173
at the end,0.0000056610,0.0004934373,0.2420677214
fried chicken wings,0.0000056596,0.0004933184,0.9478702709
combo fried rice,0.0000056148,0.0004894164,0.8060338717
food was delicious,0.0000056080,0.0004888248,0.3005555556
chinese take out,0.0000055952,0.0004877044,0.1300000000
orange peel chicken,0.0000055647,0.0004850510,0.8947056814
beef chow mein,0.0000055216,0.0004812939,0.7398129128
style chinese food,0.0000055118,0.0004804398,0.8205555556
general tsao's chicken,0.0000054988,0.0004793050,0.6697779261
mediocre chinese food,0.0000054769,0.0004773983,0.9172810480
crispy gau gee,0.0000053619,0.0004673691,0.8620903413
chinese food fix,0.0000053592,0.0004671312,0.9365777163
sweet potato fries,0.0000053465,0.0004660252,0.9343603256
pieces of chicken,0.0000052924,0.0004613084,0.3605555556
tasty chinese food,0.0000052495,0.0004575695,0.8791816328
hot garlic sauce,0.0000052230,0.0004552605,0.9127774974
lunch or dinner,0.0000051977,0.0004530550,0.4017726607
decided to order,0.0000051626,0.0004499980,0.3772946860
bowl of soup,0.0000051327,0.0004473889,0.4797881356
place is clean,0.0000051097,0.0004453866,0.3803436911
service is fast,0.0000050418,0.0004394645,0.4503436911
hits the spot,0.0000049950,0.0004353861,0.4182790072
chinese chicken salad,0.0000049658,0.0004328443,0.9072810480
worth the price,0.0000049627,0.0004325776,0.4986971268
chop chop wok,0.0000049591,0.0004322629,0.7973347700
chicken lettuce wraps,0.0000049450,0.0004310342,0.6211471801
service is friendly,0.0000049150,0.0004284199,0.4203436911
the best part,0.0000048998,0.0004270914,0.1823601190
new york style,0.0000048845,0.0004257551,0.3926653831
eating chinese food,0.0000048667,0.0004242095,0.8891816328
egg fu yung,0.0000048632,0.0004239014,0.9773895065
fast food places,0.0000047605,0.0004149497,0.7653996732
seafood noodle soup,0.0000047185,0.0004112873,0.7586441641
excellent chinese food,0.0000046978,0.0004094812,0.8991816328
service is quick,0.0000046828,0.0004081793,0.4277904997
sun devil chicken,0.0000046539,0.0004056571,0.9353235320
black pepper beef,0.0000046523,0.0004055205,0.8500077363
hand made noodles,0.0000045789,0.0003991229,0.7078905332
neighborhood chinese restaurant,0.0000045704,0.0003983825,0.6561075690
lo mein noodles,0.0000045617,0.0003976198,0.4472156527
quality chinese food,0.0000045522,0.0003967889,0.9148760773
authentic chinese restaurant,0.0000045320,0.0003950358,0.7920296477
friendly and attentive,0.0000045049,0.0003926689,0.3936420286
amazing chinese food,0.0000044741,0.0003899821,0.8991816328
great tasting food,0.0000043879,0.0003824716,0.7348872361
behind the counter,0.0000043703,0.0003809353,0.2223601190
egg foo yong,0.0000043485,0.0003790360,0.8739433559
at the bar,0.0000043360,0.0003779519,0.2420677214
mu shu chicken,0.0000043267,0.0003771352,0.7905096232
thai ice tea,0.0000043168,0.0003762769,0.9132439058
noodles with beef,0.0000042944,0.0003743247,0.5394253238
fried won tons,0.0000042881,0.0003737749,0.7834662541
egg fu young,0.0000042631,0.0003715960,0.9519876373
service is excellent,0.0000042093,0.0003669018,0.4699808794
times a week,0.0000042053,0.0003665535,0.4971544108
hand pulled noodle,0.0000041535,0.0003620364,0.8347472188
giving this place,0.0000041369,0.0003605931,0.5196371882
crispy duck salad,0.0000041328,0.0003602337,0.8305908658
spring mountain road,0.0000041256,0.0003596103,0.9212816493
at the counter,0.0000040992,0.0003573060,0.2320677214
portions were huge,0.0000040748,0.0003551784,0.6066183763
house lo mein,0.0000040548,0.0003534338,0.4289012509
shrimp lo mein,0.0000040497,0.0003529926,0.4283658549
in the future,0.0000040349,0.0003517053,0.2420677214
portions are generous,0.0000040159,0.0003500441,0.5566183763
worth the drive,0.0000040123,0.0003497315,0.4479866095
ordered the beef,0.0000040122,0.0003497204,0.4886971268
food is amazing,0.0000039757,0.0003465446,0.2905555556
cooked to order,0.0000039719,0.0003462141,0.4093670457
food was excellent,0.0000039474,0.0003440748,0.3305555556
will be back,0.0000039358,0.0003430628,0.0700000000
stir fry paradise,0.0000039210,0.0003417775,0.9850453890
food is excellent,0.0000038680,0.0003371523,0.3172946860
wanted to eat,0.0000038562,0.0003361235,0.4305555556
chinese food craving,0.0000038452,0.0003351713,0.9091816328
typical chinese food,0.0000038377,0.0003345176,0.8569969407
baked pork chop,0.0000038289,0.0003337505,0.8550317837
lunch and dinner,0.0000038238,0.0003333044,0.2900000000
dishes we ordered,0.0000037997,0.0003312046,0.4363763186
salt pepper shrimp,0.0000037857,0.0003299843,0.5852651815
food and service,0.0000037764,0.0003291721,0.1705555556
half an hour,0.0000037672,0.0003283711,0.6057001535
spicy tuna roll,0.0000037409,0.0003260741,0.7913989867
cup of soup,0.0000037377,0.0003257947,0.5180585460
recommend this restaurant,0.0000037220,0.0003244250,0.5984213578
over the phone,0.0000037163,0.0003239333,0.2620677214
vegetable chow mein,0.0000037140,0.0003237285,0.6220172449
chinese delivery place,0.0000036886,0.0003215135,0.7803302741
worth every penny,0.0000036880,0.0003214640,0.7059042264
bowl of rice,0.0000036794,0.0003207149,0.5099808794
if you want,0.0000036721,0.0003200763,0.0400000000
check this place,0.0000036647,0.0003194348,0.4463763186
bowl of noodles,0.0000036592,0.0003189572,0.4596371882
food was decent,0.0000036377,0.0003170810,0.3249305556
hot and fresh,0.0000036348,0.0003168235,0.2705555556
my favorite dish,0.0000036273,0.0003161730,0.1800000000
trip to vegas,0.0000036010,0.0003138797,0.4257132045
portions were large,0.0000035980,0.0003136203,0.6287951321
veggie spring rolls,0.0000035806,0.0003121021,0.8466044145
write a review,0.0000035669,0.0003109069,0.4096331738
food is fresh,0.0000035220,0.0003069928,0.2949305556
over the years,0.0000035207,0.0003068842,0.2620677214
half the price,0.0000034954,0.0003046803,0.4683343150
salt n pepper,0.0000034893,0.0003041462,0.7381789165
steamed white rice,0.0000034608,0.0003016652,0.7728326720
shark fin soup,0.0000034544,0.0003011030,0.8167685411
gang pang chicken,0.0000034483,0.0003005674,0.8662728991
cream cheese puffs,0.0000034426,0.0003000744,0.8648517995
on the wall,0.0000034339,0.0002993157,0.2226232769
times a month,0.0000034223,0.0002983012,0.4045841723
save your money,0.0000034109,0.0002973135,0.5961007235
food was amazing,0.0000034026,0.0002965838,0.2849305556
greasy chinese food,0.0000033929,0.0002957394,0.9091816328
off the menu,0.0000033566,0.0002925825,0.2326232769
decided to try,0.0000033437,0.0002914516,0.0872727273
pork egg rolls,0.0000033345,0.0002906489,0.9573558343
spicy ying nan,0.0000033206,0.0002894439,0.9533868994
in my opinion,0.0000033127,0.0002887515,0.0986332222
waste of money,0.0000033098,0.0002884986,0.4291555619
love love love,0.0000033001,0.0002876530,0.7369351490
late at night,0.0000032787,0.0002857863,0.5068749171
quick chinese food,0.0000032754,0.0002854965,0.8228364649
prices are fair,0.0000032576,0.0002839482,0.5951811844
sf bay area,0.0000032417,0.0002825655,0.8686816139
general tsao chicken,0.0000032374,0.0002821898,0.9294927372
inside the restaurant,0.0000032346,0.0002819468,0.4483343150
green onion pancakes,0.0000032248,0.0002810938,0.8101474153
typical americanized chinese,0.0000032162,0.0002803415,0.9234047695
thought the food,0.0000031922,0.0002782448,0.4582493542
vegetable lo mein,0.0000031464,0.0002742551,0.5058799643
ended up throwing,0.0000031402,0.0002737149,0.5737314164
hard to find,0.0000031154,0.0002715529,0.1009870130
authentic chinese dishes,0.0000031102,0.0002711032,0.8929753538
around the corner,0.0000030938,0.0002696750,0.2220677214
chow fun noodles,0.0000030465,0.0002655446,0.4898129128
ended up ordering,0.0000030374,0.0002647550,0.5087046170
worth the money,0.0000030351,0.0002645567,0.4879906239
cheap lunch specials,0.0000030308,0.0002641801,0.6411789466
spicy garlic sauce,0.0000030221,0.0002634182,0.7145449956
ordered egg rolls,0.0000030053,0.0002619532,0.9292084792
beef hot pot,0.0000030004,0.0002615311,0.7537654412
hunan special chicken,0.0000029896,0.0002605887,0.9243681908
service was friendly,0.0000029818,0.0002599114,0.2605555556
gau gee mein,0.0000029783,0.0002596007,0.9208637553
lao ching hing,0.0000029769,0.0002594814,0.9971437892
avoid this place,0.0000029767,0.0002594638,0.4273183476
places in town,0.0000029715,0.0002590118,0.5972035755
today for lunch,0.0000029711,0.0002589758,0.5971204398
service was quick,0.0000029617,0.0002581525,0.2705555556
chinese food joint,0.0000029583,0.0002578571,0.9146785775
long story short,0.0000029547,0.0002575479,0.9135816966
typical chinese restaurant,0.0000029454,0.0002567369,0.6577313926
boba milk tea,0.0000029413,0.0002563798,0.7389187667
authentic asian food,0.0000029283,0.0002552469,0.8407469407
a great place,0.0000029232,0.0002548033,0.1305555556
duck noodle soup,0.0000029169,0.0002542537,0.7327909916
ended up taking,0.0000029080,0.0002534732,0.5313029641
seated right away,0.0000028885,0.0002517756,0.4837659159
hit and miss,0.0000028762,0.0002507056,0.3986565284
craving asian food,0.0000028708,0.0002502331,0.8242320429
pineapple fried rice,0.0000028603,0.0002493208,0.6387322750
chicken with broccoli,0.0000028551,0.0002488658,0.4590479653
worth checking out,0.0000028505,0.0002484642,0.4774031910
prices were reasonable,0.0000028495,0.0002483769,0.6363139871
bad chinese food,0.0000028435,0.0002478501,0.8791816328
moo shu chicken,0.0000028293,0.0002466146,0.8123130979
late night snack,0.0000028144,0.0002453159,0.8080355668
deep fried chicken,0.0000027664,0.0002411361,0.5852500479
ordered the spicy,0.0000027618,0.0002407330,0.5286267127
cream cheese rangoons,0.0000027524,0.0002399138,0.8510297786
las vegas strip,0.0000027485,0.0002395735,0.6904807639
rib eye bao,0.0000027474,0.0002394807,0.8494934656
i've ever had,0.0000027466,0.0002394067,0.0600000000
taking my order,0.0000027407,0.0002388939,0.5245881866
rice n noodle,0.0000027335,0.0002382647,0.6463139871
general tao's chicken,0.0000027260,0.0002376117,0.7826588592
traditional chinese food,0.0000027211,0.0002371876,0.5756667146
at the wynn,0.0000027162,0.0002367621,0.2426232769
san gabriel valley,0.0000027135,0.0002365227,0.9089174667
food arrived quickly,0.0000027047,0.0002357528,0.8362694865
rice noodle soup,0.0000027007,0.0002354090,0.6784782617
ny chinese food,0.0000026937,0.0002347922,0.7733719407
feel like cooking,0.0000026881,0.0002343047,0.5402364367
in the world,0.0000026836,0.0002339182,0.1926232769
place an order,0.0000026819,0.0002337688,0.3992598297
chicken chow fun,0.0000026817,0.0002337498,0.5988410735
service was pretty,0.0000026808,0.0002336749,0.3169318742
house chow mein,0.0000026768,0.0002333236,0.6329107389
pork chow mein,0.0000026725,0.0002329497,0.5371122280
north las vegas,0.0000026704,0.0002327660,0.8944808741
waste your money,0.0000026409,0.0002301935,0.6634464298
off the strip,0.0000026397,0.0002300858,0.2526232769
service was fast,0.0000026333,0.0002295278,0.2405555556
bbq pork slices,0.0000026261,0.0002289030,0.8119716765
chicken chow mien,0.0000026171,0.0002281240,0.8092084792
read the reviews,0.0000026152,0.0002279498,0.4379866095
place was packed,0.0000026121,0.0002276841,0.3499808794
over the top,0.0000025927,0.0002259940,0.2423601190
lots of veggies,0.0000025911,0.0002258547,0.3857431001
bbq pork buns,0.0000025428,0.0002216418,0.6387995136
friendly and helpful,0.0000025408,0.0002214658,0.4085068934
veggie chow mein,0.0000025281,0.0002203601,0.6774456115
served piping hot,0.0000025270,0.0002202690,0.6771657118
restaurant is clean,0.0000025236,0.0002199735,0.3497881356
basic chinese food,0.0000024977,0.0002177137,0.7722809093
family run business,0.0000024921,0.0002172241,0.6260670266
delivery chinese food,0.0000024884,0.0002169053,0.8335309093
fried pork chops,0.0000024875,0.0002168267,0.8332290087
ready in minutes,0.0000024780,0.0002159907,0.3984078127
worth the trip,0.0000024753,0.0002157624,0.3979866095
dan dan noodle,0.0000024750,0.0002157301,0.7105842453
steamed pork buns,0.0000024679,0.0002151160,0.7630662349
chinese comfort food,0.0000024676,0.0002150904,0.7629753538
loved this place,0.0000024660,0.0002149530,0.3540121882
standard chinese food,0.0000024650,0.0002148635,0.9007469407
chicken with vegetables,0.0000024550,0.0002139937,0.4290479653
seafood hot pot,0.0000024438,0.0002130097,0.5457072034
ended up eating,0.0000024381,0.0002125189,0.3629665690
number of times,0.0000024364,0.0002123679,0.4896566798
chicken lettuce wrap,0.0000024332,0.0002120911,0.7523361345
taking our order,0.0000024330,0.0002120765,0.6112309865
food is consistently,0.0000023932,0.0002086027,0.3699808794
wanted chinese food,0.0000023916,0.0002084660,0.8739274963
lunch special prices,0.0000023866,0.0002080264,0.8720842979
beef was tender,0.0000023850,0.0002078908,0.3305750471
chow mien noodles,0.0000023758,0.0002070836,0.5968408387
ping pang pong,0.0000023755,0.0002070569,0.8680203439
glass of water,0.0000023746,0.0002069825,0.4545137581
restaurant that serves,0.0000023691,0.0002065070,0.5951789577
traditional chinese dishes,0.0000023471,0.0002045830,0.7257030444
average chinese restaurant,0.0000023458,0.0002044729,0.6735046330
makes me feel,0.0000023455,0.0002044464,0.4285383260
chicken pad thai,0.0000023389,0.0002038708,0.6267532530
local chinese restaurant,0.0000023122,0.0002015403,0.6638449190
salt pepper pork,0.0000023108,0.0002014223,0.6192259950
hard time finding,0.0000023097,0.0002013220,0.6189174667
honey garlic chicken,0.0000023014,0.0002006002,0.6607483076
pieces of meat,0.0000022977,0.0002002783,0.3694253238
wasabi mashed potatoes,0.0000022913,0.0001997212,0.8372676112
places in vegas,0.0000022841,0.0001990927,0.4590479653
salt pepper calamari,0.0000022833,0.0001990281,0.8343618303
love the fact,0.0000022801,0.0001987463,0.4582493542
all in all,0.0000022689,0.0001977707,0.0400000000
a bit bland,0.0000022635,0.0001972972,0.2394253238
service is slow,0.0000022623,0.0001971951,0.4133389035
red chili peppers,0.0000022621,0.0001971764,0.6994303235
vegetable spring rolls,0.0000022411,0.0001953459,0.6434415014
yum yum yum,0.0000022393,0.0001951927,0.6923935303
green valley ranch,0.0000022386,0.0001951241,0.8179956117
service was slow,0.0000022331,0.0001946444,0.3452242754
mini hot pot,0.0000022199,0.0001934993,0.5248839200
prices are cheap,0.0000022182,0.0001933456,0.4692598297
solid chinese food,0.0000022174,0.0001932803,0.8912926615
cage free chicken,0.0000022136,0.0001929480,0.6844311918
moo shoo pork,0.0000022076,0.0001924247,0.6338195940
tasting chinese food,0.0000022011,0.0001918629,0.8847565120
chinese american food,0.0000021911,0.0001909896,0.4892940730
veggies were fresh,0.0000021825,0.0001902347,0.5848322721
fresh and hot,0.0000021733,0.0001894367,0.2569318742
ordered mongolian beef,0.0000021697,0.0001891205,0.4845056115
chicken egg rolls,0.0000021663,0.0001888249,0.8707469407
love their food,0.0000021641,0.0001886306,0.3479403853
dim sum platter,0.0000021543,0.0001877764,0.6185087296
place was clean,0.0000021488,0.0001873010,0.2272946860
prices are pretty,0.0000021466,0.0001871049,0.5392598297
gourmet chinese food,0.0000021431,0.0001868027,0.7831110712
salt pepper squid,0.0000021321,0.0001858445,0.7141696025
food was ready,0.0000021251,0.0001852327,0.2669318742
their lunch special,0.0000021178,0.0001845961,0.2240121882
veggie egg rolls,0.0000021082,0.0001837589,0.7061548809
china a gogo,0.0000020873,0.0001819374,0.4661033369
paper wrapped chicken,0.0000020706,0.0001804881,0.7566389454
eaten chinese food,0.0000020682,0.0001802706,0.9236666267
green bell peppers,0.0000020652,0.0001800118,0.7546422853
chicken corn soup,0.0000020634,0.0001798540,0.7539806364
cup of tea,0.0000020543,0.0001790601,0.4345881866
service was horrible,0.0000020524,0.0001788941,0.3299808794
standard chinese fare,0.0000020516,0.0001788246,0.7496652829
sausage fried rice,0.0000020130,0.0001754621,0.7355692078
choice of soup,0.0000020078,0.0001750080,0.4483509436
red pepper flakes,0.0000020039,0.0001746743,0.8054932446
hot chili sauce,0.0000019860,0.0001731087,0.7257030444
general tsos chicken,0.0000019850,0.0001730224,0.7253411788
authentic hong kong,0.0000019828,0.0001728280,0.5692705916
couple of years,0.0000019785,0.0001724600,0.5680585460
fast food place,0.0000019734,0.0001720127,0.4665996286
writing this review,0.0000019645,0.0001712388,0.5640361462
horrible customer service,0.0000019569,0.0001705708,0.5243801408
beijing noodle no,0.0000019559,0.0001704904,0.2183886982
decided to eat,0.0000019541,0.0001703335,0.3141903853
authentic chinese restaurants,0.0000019388,0.0001689999,0.7084782617
ny style chinese,0.0000019359,0.0001687453,0.7074110087
past few years,0.0000019357,0.0001687289,0.6483970865
enjoyed my meal,0.0000019185,0.0001672303,0.5141105747
price is reasonable,0.0000018967,0.0001653245,0.3049509984
place in phoenix,0.0000018851,0.0001643118,0.4209485501
hong kong cafe,0.0000018797,0.0001638474,0.5812044835
write this review,0.0000018769,0.0001635983,0.3143405354
enjoyed our meal,0.0000018719,0.0001631675,0.5787928935
fast and friendly,0.0000018609,0.0001622067,0.2200000000
menu is huge,0.0000018578,0.0001619325,0.3394253238
ordered the wrong,0.0000018521,0.0001614395,0.4652888279
down the road,0.0000018475,0.0001610393,0.2320677214
duck fried rice,0.0000018454,0.0001608532,0.4945056115
house chow fun,0.0000018370,0.0001601199,0.5274120720
favorite chinese place,0.0000018228,0.0001588857,0.7326854103
love this restaurant,0.0000018077,0.0001575656,0.3459989602
beef pepper steak,0.0000018056,0.0001573852,0.5582816372
service was prompt,0.0000017892,0.0001559561,0.2996566798
employees are friendly,0.0000017807,0.0001552167,0.5505893007
fresh and delicious,0.0000017563,0.0001530837,0.1568733318
what the heck,0.0000017559,0.0001530532,0.2520677214
ordered the house,0.0000017488,0.0001524353,0.4686267127
pretty darn good,0.0000017462,0.0001522050,0.1595177305
great dining experience,0.0000017424,0.0001518736,0.6366818546
craving some chinese,0.0000017164,0.0001496127,0.6272035755
fast food joint,0.0000017069,0.0001487835,0.5277693168
late night specials,0.0000016952,0.0001477637,0.4542651392
order for delivery,0.0000016789,0.0001463387,0.3067391304
fresh and tasty,0.0000016782,0.0001462799,0.1568733318
fried won ton,0.0000016593,0.0001446372,0.4764142427
wanted to order,0.0000016561,0.0001443541,0.1901927438
portions are smaller,0.0000016532,0.0001440983,0.5111500484
lacking in flavor,0.0000016514,0.0001439403,0.5105893007
portions were big,0.0000016489,0.0001437268,0.5098322469
asked the waitress,0.0000016448,0.0001433661,0.3479569565
eat here again,0.0000016436,0.0001432620,0.0734042553
sense of humor,0.0000016327,0.0001423180,0.5469042725
expect to pay,0.0000016288,0.0001419780,0.3445881866
lived in china,0.0000016232,0.0001414903,0.4077927984
house of yang,0.0000016179,0.0001410243,0.4645137581
portions were generous,0.0000016156,0.0001408206,0.5411500484
soft shell crab,0.0000016153,0.0001407987,0.6492792127
hot chili oil,0.0000016097,0.0001403112,0.4313540674
wong jo chicken,0.0000016095,0.0001402918,0.5881288050
pork noodle soup,0.0000016050,0.0001398958,0.7167949197
answered the phone,0.0000016044,0.0001398495,0.3582790072
place several times,0.0000015868,0.0001383128,0.5798322469
boiled won tons,0.0000015850,0.0001381587,0.5791862480
pot of tea,0.0000015798,0.0001377067,0.3342213605
brought the food,0.0000015659,0.0001364948,0.4495943834
ingredients are fresh,0.0000015657,0.0001364756,0.4841105747
craving for chinese,0.0000015646,0.0001363803,0.4192693110
northern chinese food,0.0000015631,0.0001362466,0.5711705694
plenty of parking,0.0000015626,0.0001362068,0.3305811629
my husband loves,0.0000015583,0.0001358270,0.2847056814
hot and spicy,0.0000015543,0.0001354798,0.1601927438
chicken noodle soup,0.0000015520,0.0001352781,0.3119107397
shrimp chow mein,0.0000015386,0.0001341158,0.2945056115
food was hot,0.0000015273,0.0001331242,0.1805555556
chicken corn chowder,0.0000015218,0.0001326463,0.6116849993
hard to beat,0.0000015176,0.0001322834,0.3210587749
inside the venetian,0.0000015161,0.0001321471,0.3385461794
live close by,0.0000015029,0.0001309997,0.3356067838
fried wonton strips,0.0000014968,0.0001304654,0.5469344985
loves this place,0.0000014937,0.0001301986,0.3159989602
a bit salty,0.0000014868,0.0001295962,0.2390479653
closer to home,0.0000014725,0.0001283520,0.3945881866
my favorite thing,0.0000014534,0.0001266895,0.2163763186
restaurant in vegas,0.0000014370,0.0001252598,0.3040121882
type of place,0.0000014325,0.0001248644,0.2741903853
other chinese restaurants,0.0000014181,0.0001236067,0.0600000000
eat a lot,0.0000014131,0.0001231742,0.3341209408
an extra star,0.0000013984,0.0001218895,0.2676578085
place your order,0.0000013944,0.0001215438,0.3503045157
their egg rolls,0.0000013904,0.0001211942,0.1643750000
pork egg roll,0.0000013867,0.0001208758,0.4645056115
east coast chinese,0.0000013856,0.0001207758,0.6961819696
local chinese food,0.0000013853,0.0001207528,0.6187107397
portions are small,0.0000013819,0.0001204530,0.3703045157
vegetable egg rolls,0.0000013758,0.0001199250,0.4608516365
days a week,0.0000013666,0.0001191233,0.2288854247
dim sum menu,0.0000013603,0.0001185667,0.3645056115
food was fresh,0.0000013581,0.0001183781,0.1605555556
hankering for chinese,0.0000013562,0.0001182101,0.4193186144
poor customer service,0.0000013554,0.0001181405,0.4539943031
variety of dishes,0.0000013519,0.0001178380,0.2859989602
vegetable chow fun,0.0000013427,0.0001170383,0.4906457677
bring the food,0.0000013422,0.0001169955,0.4495943834
lot of flavor,0.0000013389,0.0001167096,0.2339976415
ready within minutes,0.0000013359,0.0001164436,0.4881525510
lamb with cumin,0.0000013320,0.0001161037,0.4461671434
veggie lo mein,0.0000013286,0.0001158038,0.2810618137
shrimp with vegetables,0.0000013266,0.0001156335,0.3554881521
asked the waiter,0.0000013248,0.0001154735,0.3549964302
the entire restaurant,0.0000013216,0.0001151991,0.2795943834
chinese in phoenix,0.0000013215,0.0001151888,0.3541209408
chicken lunch special,0.0000013092,0.0001141122,0.7517385175
caught my eye,0.0000013024,0.0001135278,0.4759290482
worth the extra,0.0000013001,0.0001133205,0.4354717419
sweet and pungent,0.0000012986,0.0001131909,0.2609843464
east coast style,0.0000012965,0.0001130058,0.3722250951
matter of fact,0.0000012958,0.0001129469,0.4340361462
worst chinese food,0.0000012908,0.0001125143,0.7412118348
hot jasmine tea,0.0000012790,0.0001114862,0.4673705707
my personal favorite,0.0000012746,0.0001110966,0.2696371882
glass of wine,0.0000012729,0.0001109560,0.3654733382
fun to watch,0.0000012714,0.0001108206,0.3406919487
restaurant is located,0.0000012664,0.0001103836,0.2994253238
prices were great,0.0000012663,0.0001103768,0.3635653853
i'll be back,0.0000012564,0.0001095112,0.0500000000
my husband ordered,0.0000012555,0.0001094321,0.1740121882
skip this place,0.0000012519,0.0001091205,0.2959989602
super fast delivery,0.0000012517,0.0001091008,0.4573705707
chinese takeout place,0.0000012508,0.0001090304,0.6284782617
fast food restaurant,0.0000012398,0.0001080688,0.4530440730
few days ago,0.0000012258,0.0001068461,0.2142217132
portions are pretty,0.0000012203,0.0001063710,0.4087660542
ordered the pork,0.0000012186,0.0001062189,0.4452888279
food was cold,0.0000012104,0.0001055038,0.1801927438
sauteed green beans,0.0000012068,0.0001051884,0.4409686994
water boiled beef,0.0000012061,0.0001051321,0.3030039910
cream cheese wonton,0.0000012059,0.0001051113,0.4406457677
glasses of water,0.0000011981,0.0001044314,0.3009843464
family owned restaurant,0.0000011977,0.0001043981,0.2292482237
chow fried rice,0.0000011962,0.0001042689,0.8013757057
read the menu,0.0000011953,0.0001041924,0.3695943834
called the restaurant,0.0000011953,0.0001041924,0.3695943834
a la carte,0.0000011933,0.0001040156,0.1296371882
place to grab,0.0000011875,0.0001035104,0.3409485501
decided to check,0.0000011822,0.0001030480,0.3394253238
gave them stars,0.0000011793,0.0001027894,0.4309119531
for some reason,0.0000011792,0.0001027887,0.0600000000
bit too salty,0.0000011658,0.0001016139,0.4259837457
prices are low,0.0000011609,0.0001011895,0.3888545330
to die for,0.0000011569,0.0001008371,0.0300000000
big chunks of,0.0000011544,0.0001006202,0.1600000000
staff is extremely,0.0000011507,0.0001003014,0.3303783772
dish we ordered,0.0000011505,0.0001002851,0.3083031971
you can get,0.0000011444,0.0000997528,0.0200000000
staff are friendly,0.0000011433,0.0000996570,0.4177801528
food is fantastic,0.0000011432,0.0000996488,0.1701927438
husband and wife,0.0000011414,0.0000994922,0.3058654396
ordered sesame chicken,0.0000011411,0.0000994642,0.4586690730
service is prompt,0.0000011405,0.0000994094,0.2696566798
nice and friendly,0.0000011368,0.0000990902,0.1305555556
chicken or beef,0.0000011358,0.0000989987,0.3260874390
refill our drinks,0.0000011347,0.0000989098,0.4561126127
wide variety of,0.0000011345,0.0000988854,0.1900000000
won ton chips,0.0000011341,0.0000988548,0.4144173320
menu is extensive,0.0000011305,0.0000985435,0.3245881866
orange chicken tasted,0.0000011296,0.0000984636,0.5045056115
food was mediocre,0.0000011291,0.0000984221,0.2269318742
grab a quick,0.0000011233,0.0000979096,0.2821878071
friends and family,0.0000011054,0.0000963516,0.2115790132
easy to miss,0.0000011049,0.0000963045,0.3700821294
restaurants in vegas,0.0000011035,0.0000961887,0.3696371882
if you order,0.0000010942,0.0000953796,0.0505555556
nice and clean,0.0000010932,0.0000952876,0.1569318742
beat the price,0.0000010910,0.0000951004,0.4385461794
hole in the,0.0000010910,0.0000950991,0.2923601190
hot n sour,0.0000010900,0.0000950104,0.4868121386
bit too sweet,0.0000010874,0.0000947809,0.3973388180
ginger and onion,0.0000010866,0.0000947113,0.3970471746
the delivery man,0.0000010807,0.0000941995,0.2895943834
chinese in madison,0.0000010773,0.0000939047,0.3608600713
kind of place,0.0000010703,0.0000932939,0.1049305556
new york chinese,0.0000010700,0.0000932707,0.2867391304
lobster fried rice,0.0000010678,0.0000930777,0.4292184320
no big deal,0.0000010671,0.0000930163,0.2144675861
pretty good deal,0.0000010633,0.0000926825,0.3287660542
level of service,0.0000010624,0.0000926006,0.3050130588
choice of rice,0.0000010572,0.0000921510,0.3541209408
seafood chow fun,0.0000010571,0.0000921443,0.3268569753
service was impeccable,0.0000010525,0.0000917414,0.3021832159
chinese new year,0.0000010495,0.0000914794,0.1081661601
consistently good food,0.0000010491,0.0000914449,0.3833535209
fried green beans,0.0000010482,0.0000913704,0.5266818546
the closest thing,0.0000010434,0.0000909467,0.2795943834
prices are decent,0.0000010408,0.0000907176,0.3803045157
waiting in line,0.0000010390,0.0000905627,0.4176206366
night of drinking,0.0000010381,0.0000904887,0.3209843464
couple of weeks,0.0000010305,0.0000898249,0.3765621629
lots of meat,0.0000010304,0.0000898164,0.2436348297
dishes were delicious,0.0000010289,0.0000896833,0.4135653853
moved to phoenix,0.0000010247,0.0000893183,0.2745881866
thing we ordered,0.0000010160,0.0000885556,0.3403045157
tables and chairs,0.0000010153,0.0000884983,0.2267227907
a big deal,0.0000010126,0.0000882595,0.1100000000
tasted pretty good,0.0000010115,0.0000881718,0.2139976415
written in chinese,0.0000010096,0.0000880045,0.2898741699
prices are high,0.0000010002,0.0000871811,0.4020269237
this past weekend,0.0000009964,0.0000868548,0.2860874390
twice cooked chicken,0.0000009957,0.0000867939,0.3078778876
sauce for dipping,0.0000009896,0.0000862624,0.3616276603
stir fried noodles,0.0000009848,0.0000858432,0.3045056115
running the place,0.0000009841,0.0000857774,0.3595943834
a great deal,0.0000009792,0.0000853561,0.0605555556
quick and efficient,0.0000009784,0.0000852832,0.2621832159
grew up eating,0.0000009742,0.0000849187,0.3559947794
portions are great,0.0000009648,0.0000840947,0.2983031971
portions were small,0.0000009634,0.0000839722,0.3520269237
taste of china,0.0000009576,0.0000834724,0.3207703530
ordered the crispy,0.0000009545,0.0000832015,0.4795943834
difficult to eat,0.0000009544,0.0000831924,0.3487578667
the real thing,0.0000009541,0.0000831663,0.3195943834
pieces of beef,0.0000009531,0.0000830755,0.1596226415
veggie egg roll,0.0000009524,0.0000830200,0.3828385993
possibly the worst,0.0000009523,0.0000830094,0.3479906239
chicken and shrimp,0.0000009419,0.0000821033,0.1305555556
during the week,0.0000009418,0.0000820898,0.1720677214
cuts of meat,0.0000009414,0.0000820555,0.3783906462
place is great,0.0000009414,0.0000820551,0.5405555556
worth of food,0.0000009395,0.0000818922,0.1641903853
deep fried shrimp,0.0000009389,0.0000818421,0.3145056115
plenty of leftovers,0.0000009378,0.0000817396,0.2899490774
restaurants in town,0.0000009352,0.0000815184,0.5370201864
new year's eve,0.0000009344,0.0000814474,0.3414424099
e fu noodles,0.0000009271,0.0000808064,0.2661647327
shrimp chop suey,0.0000009263,0.0000807369,0.3384635993
american style chinese,0.0000009259,0.0000807102,0.5316959850
favorite chinese food,0.0000009229,0.0000804453,0.7419312613
prices are amazing,0.0000009206,0.0000802451,0.3364019237
for lunch today,0.0000009205,0.0000802359,0.1000000000
meat was tender,0.0000009196,0.0000801573,0.2310234576
ordered the lamb,0.0000009147,0.0000797319,0.4595943834
worst customer service,0.0000009117,0.0000794708,0.4071907281
tofu with vegetables,0.0000009059,0.0000789620,0.3034378689
your taste buds,0.0000009032,0.0000787303,0.1396371882
the extra mile,0.0000009020,0.0000786212,0.3295943834
gave this place,0.0000008980,0.0000782707,0.1443750000
a nice touch,0.0000008956,0.0000780674,0.0900000000
favorite dishes are,0.0000008937,0.0000779037,0.1796226415
prices are average,0.0000008926,0.0000777998,0.3587660542
within walking distance,0.0000008913,0.0000776905,0.2239136524
enjoy this place,0.0000008891,0.0000774951,0.1786805556
decor is nice,0.0000008807,0.0000767659,0.2359989602
love coming here,0.0000008807,0.0000767634,0.2082275657
food wasn't bad,0.0000008796,0.0000766720,0.3535653853
noodles were excellent,0.0000008766,0.0000764052,0.3203045157
the entire staff,0.0000008746,0.0000762358,0.3195943834
moved to az,0.0000008703,0.0000758612,0.3180238201
the wrong thing,0.0000008697,0.0000758109,0.3495943834
attentive and helpful,0.0000008618,0.0000751148,0.2886538041
typical american chinese,0.0000008609,0.0000750363,0.3460224914
we were seated,0.0000008583,0.0000748146,0.0500000000
your average chinese,0.0000008571,0.0000747098,0.2650130588
thing i noticed,0.0000008569,0.0000746884,0.2152612369
my fair share,0.0000008555,0.0000745738,0.2292598297
food isn't bad,0.0000008494,0.0000740409,0.3103929946
dragon noodle co,0.0000008478,0.0000738985,0.3407753150
great little place,0.0000008419,0.0000733825,0.2603045157
dim sum places,0.0000008384,0.0000730763,0.2592184320
service was terrible,0.0000008346,0.0000727444,0.1765545157
fried or steamed,0.0000008340,0.0000726930,0.2793470896
shrimp were large,0.0000008322,0.0000725403,0.3345122491
rice or noodles,0.0000008293,0.0000722890,0.3703929946
restaurants in phoenix,0.0000008221,0.0000716555,0.3003929946
place that serves,0.0000008220,0.0000716470,0.3303929946
happy hour menu,0.0000008219,0.0000716413,0.2541282530
pretty damn good,0.0000008164,0.0000711597,0.1930268968
possibly the best,0.0000008136,0.0000709139,0.1923601190
decided to stop,0.0000008094,0.0000705549,0.1913862694
you can't beat,0.0000008023,0.0000699316,0.0586332222
service is attentive,0.0000008021,0.0000699194,0.2303045157
the worst chinese,0.0000007988,0.0000696292,0.4586971268
make sure you,0.0000007986,0.0000696101,0.0300000000
mediocre at best,0.0000007971,0.0000694759,0.0681661601
place has been,0.0000007961,0.0000693932,0.0800000000
plenty of veggies,0.0000007945,0.0000692490,0.2903045157
plenty of tables,0.0000007945,0.0000692490,0.2903045157
tax and tip,0.0000007941,0.0000692160,0.2127883645
seafood chow mein,0.0000007793,0.0000679320,0.2088410735
night in vegas,0.0000007729,0.0000673694,0.3106673275
offer brown rice,0.0000007727,0.0000673565,0.3106078750
group of friends,0.0000007720,0.0000672955,0.1939539178
bottle of wine,0.0000007660,0.0000667713,0.3079090199
the main reason,0.0000007651,0.0000666942,0.2795943834
ordered a bunch,0.0000007634,0.0000665424,0.3409485501
menu is pretty,0.0000007568,0.0000659691,0.2765545157
recommended this place,0.0000007511,0.0000654658,0.1886805556
can't go wrong,0.0000007464,0.0000650562,0.0500000000
close to closing,0.0000007444,0.0000648886,0.2992272808
taking care of,0.0000007410,0.0000645859,0.2707558063
price was reasonable,0.0000007394,0.0000644498,0.2286184869
my son loves,0.0000007344,0.0000640166,0.2683693757
bit pricey for,0.0000007344,0.0000640143,0.1639976415
ordered the duck,0.0000007307,0.0000636935,0.4195943834
tomato and egg,0.0000007301,0.0000636378,0.2667811691
ginger and scallions,0.0000007205,0.0000628045,0.2413471582
place is located,0.0000007136,0.0000622011,0.1912228831
prices are extremely,0.0000007124,0.0000620928,0.2603045157
staff is great,0.0000007122,0.0000620803,0.2044837526
quality and quantity,0.0000007086,0.0000617671,0.1675486979
prices are higher,0.0000007052,0.0000614646,0.2834378689
free crab puffs,0.0000007048,0.0000614322,0.2179142316
worth a visit,0.0000007040,0.0000613633,0.1286230781
service is outstanding,0.0000006989,0.0000609172,0.2160874390
couple of things,0.0000006976,0.0000608043,0.2803929946
the rest home,0.0000006956,0.0000606311,0.2795943834
complained about the,0.0000006945,0.0000605368,0.1993995927
my friend ordered,0.0000006927,0.0000603803,0.0843750000
my water glass,0.0000006926,0.0000603713,0.1988545330
start by saying,0.0000006853,0.0000597303,0.2295335225
reading the reviews,0.0000006841,0.0000596277,0.4582790072
check them out,0.0000006838,0.0000596056,0.0981661601
forward to eating,0.0000006833,0.0000595588,0.2496814262
makes you feel,0.0000006825,0.0000594918,0.2743405354
service is fantastic,0.0000006795,0.0000592301,0.2483031971
friendly and efficient,0.0000006764,0.0000589542,0.1941868567
remember the name,0.0000006742,0.0000587629,0.1593995927
don't know what,0.0000006717,0.0000585505,0.0300000000
order your food,0.0000006668,0.0000581214,0.1786805556
in south phoenix,0.0000006662,0.0000580692,0.2677801528
couple of months,0.0000006636,0.0000578451,0.3810669127
in the meantime,0.0000006633,0.0000578176,0.2050923365
place for lunch,0.0000006576,0.0000573232,0.1149305556
my wife ordered,0.0000006574,0.0000573036,0.0943750000
my family loves,0.0000006568,0.0000572491,0.1759989602
when you walk,0.0000006564,0.0000572168,0.0586332222
figure out how,0.0000006554,0.0000571264,0.1881661601
most recent visit,0.0000006459,0.0000563021,0.1622696812
best egg rolls,0.0000006412,0.0000558860,0.1171420940
pork pot stickers,0.0000006369,0.0000555194,0.2133517654
by any means,0.0000006349,0.0000553388,0.0654332222
service has been,0.0000006302,0.0000549355,0.1101433858
visited this place,0.0000006295,0.0000548686,0.1686805556
beef or chicken,0.0000006289,0.0000548208,0.2106673275
my dining companion,0.0000006285,0.0000547853,0.2296697420
peas and carrots,0.0000006250,0.0000544801,0.1196331738
ordered for delivery,0.0000006223,0.0000542466,0.1786805556
food is decent,0.0000006141,0.0000535238,0.0949305556
staff is nice,0.0000006132,0.0000534454,0.1643055556
ordered the following,0.0000006126,0.0000533936,0.1893995927
decided to stay,0.0000006125,0.0000533913,0.2735653853
white or brown,0.0000006124,0.0000533770,0.4922857324
dine in experience,0.0000006123,0.0000533734,0.1893278703
look no further,0.0000006101,0.0000531797,0.1532705882
chen and wok,0.0000006087,0.0000530563,0.2224215383
noodles with shrimp,0.0000006061,0.0000528332,0.2436348297
hong kong noodles,0.0000006054,0.0000527718,0.2433517654
other menu items,0.0000006044,0.0000526828,0.1518384225
tender and flavorful,0.0000006012,0.0000524047,0.1421524899
tasted the same,0.0000006004,0.0000523354,0.2193995927
as good as,0.0000005996,0.0000522618,0.0100000000
slices of beef,0.0000005993,0.0000522416,0.2007558063
combined with the,0.0000005948,0.0000518496,0.1593995927
my absolute favorite,0.0000005948,0.0000518495,0.1593990930
ordered our food,0.0000005942,0.0000517965,0.1592361111
ox tail soup,0.0000005925,0.0000516474,0.2381667672
pick it up,0.0000005896,0.0000513944,0.0300000000
left overs for,0.0000005895,0.0000513850,0.1128365385
supposed to be,0.0000005871,0.0000511775,0.0200000000
spicy at all,0.0000005846,0.0000509607,0.0500000000
born and raised,0.0000005785,0.0000504283,0.1661037621
makes this place,0.0000005779,0.0000503718,0.1786805556
as soon as,0.0000005772,0.0000503101,0.0200000000
a couple of,0.0000005772,0.0000503101,0.0100000000
lets just say,0.0000005764,0.0000502399,0.2316762220
meat and veggies,0.0000005716,0.0000498224,0.1276395523
few months ago,0.0000005665,0.0000493782,0.0990010929
favorite chinese restaurant,0.0000005653,0.0000492777,0.2524878788
tofu and veggies,0.0000005605,0.0000488548,0.1501927438
my favorite chinese,0.0000005595,0.0000487680,0.1405555556
most chinese restaurants,0.0000005573,0.0000485753,0.0400000000
place in vegas,0.0000005542,0.0000483102,0.1392361111
quick and friendly,0.0000005526,0.0000481711,0.2019418250
service is horrible,0.0000005520,0.0000481128,0.1706673275
choice of meat,0.0000005483,0.0000477931,0.2203929946
breaded and fried,0.0000005480,0.0000477624,0.2202515284
fast and efficient,0.0000005410,0.0000471596,0.1812263304
what we ordered,0.0000005408,0.0000471416,0.0505555556
attention to detail,0.0000005406,0.0000471184,0.1358010104
service is terrible,0.0000005394,0.0000470141,0.1806673275
place for chinese,0.0000005390,0.0000469850,0.1805555556
attentive and friendly,0.0000005387,0.0000469534,0.1665545157
couldn't stop eating,0.0000005257,0.0000458241,0.1509381744
rice and noodles,0.0000005254,0.0000457923,0.1005555556
gave it stars,0.0000005247,0.0000457387,0.1917451550
steamed or fried,0.0000005239,0.0000456640,0.4211500484
favorite of mine,0.0000005213,0.0000454361,0.1047619048
ginger and scallion,0.0000005212,0.0000454343,0.2095156641
this place sucks,0.0000005211,0.0000454203,0.1163617719
restaurant in phoenix,0.0000005188,0.0000452214,0.2606673275
food was horrible,0.0000005164,0.0000450077,0.1092361111
a great experience,0.0000005157,0.0000449490,0.0505555556
fried rice cake,0.0000005156,0.0000449436,0.4145056115
quick and cheap,0.0000005110,0.0000445413,0.1369318742
china magic noodle,0.0000005084,0.0000443139,0.5108727313
other than that,0.0000005025,0.0000438045,0.0200000000
beef stir fry,0.0000005018,0.0000437366,0.1833517654
leftovers for lunch,0.0000004984,0.0000434390,0.2503929946
reminded me of,0.0000004976,0.0000433708,0.0200000000
an early dinner,0.0000004969,0.0000433143,0.1426711789
an added bonus,0.0000004968,0.0000433064,0.1664193361
pork and shrimp,0.0000004956,0.0000432021,0.0905555556
wanted to try,0.0000004926,0.0000429371,0.0300000000
rice and company,0.0000004926,0.0000429351,0.1523007106
in the wall,0.0000004912,0.0000428172,0.2820677214
not too shabby,0.0000004908,0.0000427780,0.0986332222
food was alright,0.0000004875,0.0000424916,0.1088587526
off the bone,0.0000004845,0.0000422275,0.1217049096
sit down restaurant,0.0000004828,0.0000420832,0.0843750000
red and black,0.0000004798,0.0000418238,0.2142957740
restaurant is small,0.0000004753,0.0000414311,0.1005555556
in my book,0.0000004713,0.0000410818,0.0305555556
under new management,0.0000004708,0.0000410411,0.0860258065
pork chop rice,0.0000004671,0.0000407110,0.4693365863
plenty of food,0.0000004670,0.0000407083,0.0605555556
delivery is fast,0.0000004654,0.0000405644,0.1247056814
dinner last night,0.0000004611,0.0000401958,0.1685081085
place to dine,0.0000004590,0.0000400060,0.1844837526
food came out,0.0000004578,0.0000399011,0.0200000000
supposed to taste,0.0000004515,0.0000393551,0.2592598297
restaurants in madison,0.0000004504,0.0000392602,0.1810446860
service was attentive,0.0000004486,0.0000391033,0.1001781971
kind of bland,0.0000004343,0.0000378515,0.1586805556
my favorite place,0.0000004324,0.0000376919,0.0643750000
pork and mushroom,0.0000004292,0.0000374117,0.1327080454
food comes out,0.0000004279,0.0000372989,0.0400000000
our favorite place,0.0000004271,0.0000372295,0.1907558063
an asian restaurant,0.0000004271,0.0000372266,0.0686666667
lots of flavor,0.0000004266,0.0000371814,0.1143055556
food was average,0.0000004251,0.0000370549,0.0949305556
a bit slow,0.0000004249,0.0000370349,0.1067391304
other chinese places,0.0000004233,0.0000368941,0.0386666667
this place serves,0.0000004198,0.0000365941,0.0843750000
my last visit,0.0000004180,0.0000364315,0.0400000000
ordered the teriyaki,0.0000004176,0.0000363963,0.4195943834
ordered the curry,0.0000004176,0.0000363963,0.4195943834
ordered the general,0.0000004170,0.0000363467,0.5586971268
not too bad,0.0000004105,0.0000357809,0.0300000000
quick and easy,0.0000004081,0.0000355755,0.1640530747
service was fine,0.0000004076,0.0000355324,0.1092361111
four or five,0.0000004076,0.0000355279,0.1260258065
delivery was fast,0.0000004073,0.0000355000,0.1169318742
chose this place,0.0000004069,0.0000354662,0.1486805556
eaten here twice,0.0000004037,0.0000351844,0.1081661601
our drink order,0.0000004030,0.0000351303,0.0900000000
type of restaurant,0.0000004020,0.0000350430,0.1243055556
type of noodle,0.0000003997,0.0000348413,0.1606673275
service was decent,0.0000003996,0.0000348322,0.0892361111
some egg rolls,0.0000003979,0.0000346787,0.1066115900
frequent this place,0.0000003954,0.0000344677,0.1986805556
bit too much,0.0000003950,0.0000344336,0.0934042553
bite to eat,0.0000003918,0.0000341540,0.1968721323
made to order,0.0000003881,0.0000338292,0.0200000000
place is small,0.0000003862,0.0000336605,0.0705555556
price is right,0.0000003856,0.0000336124,0.0500000000
clean and comfortable,0.0000003824,0.0000333353,0.1397475191
huge chunks of,0.0000003806,0.0000331786,0.0900000000
menu items are,0.0000003796,0.0000330855,0.1271420940
server was friendly,0.0000003762,0.0000327933,0.1512228831
typical fast food,0.0000003743,0.0000326261,0.3761303948
a great meal,0.0000003733,0.0000325401,0.0405555556
a quick bite,0.0000003732,0.0000325281,0.0500000000
a bit pricey,0.0000003732,0.0000325281,0.0500000000
a few years,0.0000003732,0.0000325281,0.0300000000
step up from,0.0000003729,0.0000325026,0.0881661601
food they serve,0.0000003713,0.0000323624,0.1492361111
polite and attentive,0.0000003678,0.0000320565,0.1478251857
my first visit,0.0000003657,0.0000318775,0.0300000000
a little bit,0.0000003657,0.0000318775,0.0100000000
bring your own,0.0000003642,0.0000317489,0.1220056338
order a lot,0.0000003604,0.0000314137,0.1448611111
looked at me,0.0000003583,0.0000312270,0.0900000000
i've ever eaten,0.0000003583,0.0000312270,0.0600000000
best i've had,0.0000003583,0.0000312270,0.0200000000
a bit overpriced,0.0000003569,0.0000311050,0.0843750000
cooked just right,0.0000003561,0.0000310424,0.0681661601
food was fine,0.0000003560,0.0000310282,0.1192361111
would have been,0.0000003558,0.0000310101,0.0100000000
pan fried pork,0.0000003525,0.0000307230,0.2833517654
pieces of shrimp,0.0000003519,0.0000306758,0.0943055556
every time i,0.0000003508,0.0000305764,0.0100000000
fast and hot,0.0000003502,0.0000305282,0.1005555556
sit and eat,0.0000003493,0.0000304470,0.1276395523
new china gate,0.0000003492,0.0000304383,0.1276026858
i'm not sure,0.0000003483,0.0000303595,0.0200000000
food was awesome,0.0000003472,0.0000302620,0.0775277778
hot and delicious,0.0000003465,0.0000302029,0.0605555556
pork and preserved,0.0000003445,0.0000300294,0.1978251857
a bit spicy,0.0000003445,0.0000300282,0.0692361111
order from here,0.0000003433,0.0000299258,0.0300000000
group of people,0.0000003433,0.0000299258,0.0600000000
won't be returning,0.0000003415,0.0000297668,0.0686332222
noodles are great,0.0000003414,0.0000297542,0.2286805556
lots of vegetables,0.0000003402,0.0000296518,0.1243055556
portion was huge,0.0000003385,0.0000295031,0.1360507106
i've been here,0.0000003383,0.0000294921,0.0200000000
compared to other,0.0000003359,0.0000292753,0.0300000000
ordered the black,0.0000003356,0.0000292489,0.4495943834
chunks of beef,0.0000003341,0.0000291247,0.1343055556
light and crispy,0.0000003322,0.0000289544,0.1027080454
com biz photos,0.0000003322,0.0000289530,0.0267027709
greasy at all,0.0000003321,0.0000289453,0.0667391304
stay away from,0.0000003319,0.0000289292,0.0234042553
dinner for two,0.0000003309,0.0000288416,0.0700000000
service was awesome,0.0000003304,0.0000287994,0.0948611111
ordered from here,0.0000003284,0.0000286247,0.0300000000
wor won ton,0.0000003281,0.0000285952,0.3296595329
shrimp and scallops,0.0000003277,0.0000285645,0.1197475191
with my family,0.0000003269,0.0000284922,0.0305555556
place a shot,0.0000003244,0.0000282723,0.1448611111
eat there again,0.0000003241,0.0000282510,0.0334042553
large selection of,0.0000003201,0.0000279049,0.1286805556
my kids love,0.0000003192,0.0000278190,0.0986805556
a bit high,0.0000003187,0.0000277762,0.1067391304
large chunks of,0.0000003184,0.0000277573,0.0800000000
placed an order,0.0000003172,0.0000276466,0.0386332222
family and friends,0.0000003158,0.0000275256,0.0976395523
ordered delivery from,0.0000003155,0.0000274989,0.0634042553
selection of dishes,0.0000003153,0.0000274822,0.1810446860
style of food,0.0000003143,0.0000273989,0.1148611111
charge extra for,0.0000003142,0.0000273853,0.0971420940
hard to understand,0.0000003136,0.0000273346,0.1260507106
bad at all,0.0000003135,0.0000273236,0.0300000000
stars instead of,0.0000003105,0.0000270690,0.0567391304
peppers and onions,0.0000003105,0.0000270650,0.1560096166
a couple times,0.0000003085,0.0000268899,0.0400000000
asked us if,0.0000003079,0.0000268394,0.0952056338
very friendly staff,0.0000003078,0.0000268321,0.0386666667
chicken was tender,0.0000003068,0.0000267423,0.0948611111
friendly and accommodating,0.0000003053,0.0000266097,0.1227080454
off the hook,0.0000003045,0.0000265419,0.0719973073
started off with,0.0000003024,0.0000263547,0.0434042553
style chinese restaurant,0.0000002978,0.0000259547,0.2992184320
decent chinese restaurant,0.0000002978,0.0000259547,0.2992184320
broccoli and beef,0.0000002956,0.0000257634,0.0848611111
wait long for,0.0000002946,0.0000256791,0.0986805556
as far as,0.0000002936,0.0000255888,0.0100000000
taste and texture,0.0000002927,0.0000255106,0.1176395523
i've eaten at,0.0000002925,0.0000254945,0.0367391304
when we arrived,0.0000002911,0.0000253719,0.0300000000
can't be beat,0.0000002911,0.0000253719,0.0300000000
place to check,0.0000002894,0.0000252228,0.1292361111
seems to be,0.0000002886,0.0000251551,0.0100000000
at this restaurant,0.0000002864,0.0000249623,0.0205555556
my friends ordered,0.0000002844,0.0000247876,0.1143055556
were seated immediately,0.0000002840,0.0000247591,0.0878262343
most chinese places,0.0000002836,0.0000247213,0.0600000000
greeted and seated,0.0000002830,0.0000246639,0.1263724283
food was pretty,0.0000002816,0.0000245453,0.3772946860
nice and helpful,0.0000002811,0.0000245029,0.0869173275
shrimp and pork,0.0000002809,0.0000244804,0.0705555556
depending on what,0.0000002807,0.0000244630,0.0752056338
fair amount of,0.0000002786,0.0000242836,0.1018013784
in about minutes,0.0000002762,0.0000240708,0.0300000000
left over for,0.0000002737,0.0000238539,0.0500000000
stars based on,0.0000002730,0.0000237918,0.1371420940
my favorite dishes,0.0000002726,0.0000237591,0.0730416667
food was prepared,0.0000002718,0.0000236883,0.1092361111
my personal favorites,0.0000002715,0.0000236650,0.1091288660
ended up paying,0.0000002709,0.0000236122,0.1088854670
this restaurant stars,0.0000002704,0.0000235678,0.1086805556
decided to give,0.0000002687,0.0000234202,0.0300000000
ordered the kung,0.0000002680,0.0000233637,0.5386971268
a lunch special,0.0000002659,0.0000231793,0.0205555556
owned and run,0.0000002644,0.0000230423,0.2656427904
ordered a ton,0.0000002633,0.0000229528,0.2116887204
shrimp and vegetables,0.0000002633,0.0000229504,0.0705555556
food is consistent,0.0000002633,0.0000229504,0.0705555556
an affordable price,0.0000002622,0.0000228583,0.0878407810
my new favorite,0.0000002612,0.0000227697,0.0300000000
got food poisoning,0.0000002612,0.0000227697,0.0500000000
restaurant in town,0.0000002603,0.0000226883,0.1743750000
food to arrive,0.0000002596,0.0000226281,0.0948611111
kind of hard,0.0000002589,0.0000225694,0.1486805556
flavor at all,0.0000002587,0.0000225528,0.0400000000
in central phoenix,0.0000002563,0.0000223405,0.0686805556
tons of food,0.0000002563,0.0000223375,0.0792361111
plates of food,0.0000002563,0.0000223375,0.0792361111
much better than,0.0000002562,0.0000223360,0.0100000000
large pieces of,0.0000002562,0.0000223360,0.0643750000
friend of mine,0.0000002561,0.0000223256,0.0447619048
decent amount of,0.0000002541,0.0000221474,0.0567391304
i've ever seen,0.0000002538,0.0000221191,0.0600000000
at china grill,0.0000002537,0.0000221109,0.0849683283
bowl of noodle,0.0000002518,0.0000219474,0.1686805556
thank me later,0.0000002463,0.0000214685,0.0900000000
your own risk,0.0000002462,0.0000214614,0.0824726959
surprised at how,0.0000002460,0.0000214430,0.0581661601
staff was nice,0.0000002457,0.0000214203,0.0705555556
pepper pork chops,0.0000002454,0.0000213891,0.3287793248
quantity of food,0.0000002446,0.0000213194,0.1092361111
a solid stars,0.0000002435,0.0000212246,0.0543750000
i can't remember,0.0000002433,0.0000212035,0.0305555556
your typical chinese,0.0000002426,0.0000211505,0.0886666667
a bad experience,0.0000002405,0.0000209625,0.0805555556
huge fan of,0.0000002388,0.0000208180,0.0300000000
can honestly say,0.0000002388,0.0000208180,0.0600000000
busy at all,0.0000002388,0.0000208180,0.0600000000
beef lunch special,0.0000002384,0.0000207841,0.4792184320
choice for chinese,0.0000002377,0.0000207186,0.1592361111
took one bite,0.0000002363,0.0000206011,0.0500000000
once or twice,0.0000002363,0.0000206011,0.0500000000
but nothing special,0.0000002339,0.0000203843,0.0200000000
had no idea,0.0000002328,0.0000202947,0.0267391304
list of places,0.0000002317,0.0000201958,0.1164135224
feel at home,0.0000002317,0.0000201933,0.1551987817
asked them to,0.0000002314,0.0000201674,0.0300000000
lunch special is,0.0000002309,0.0000201268,0.0343750000
eggplant and tofu,0.0000002299,0.0000200408,0.0770136010
war won ton,0.0000002292,0.0000199778,0.4606289115
when you order,0.0000002289,0.0000199506,0.0200000000
food was delivered,0.0000002264,0.0000197337,0.0505555556
food was served,0.0000002259,0.0000196915,0.0648611111
food is wonderful,0.0000002259,0.0000196915,0.0648611111
owned and operated,0.0000002258,0.0000196780,0.1296331738
moo goo gai,0.0000002257,0.0000196744,0.4536325042
meal came out,0.0000002239,0.0000195168,0.0600000000
from my house,0.0000002239,0.0000195168,0.0200000000
ordered the bbq,0.0000002237,0.0000194993,0.4495943834
noodles with pork,0.0000002223,0.0000193738,0.1786805556
food in general,0.0000002220,0.0000193512,0.0892361111
the real deal,0.0000002220,0.0000193482,0.0405555556
their menu items,0.0000002206,0.0000192307,0.0886805556
fell in love,0.0000002192,0.0000191099,0.2203081001
a bit greasy,0.0000002190,0.0000190877,0.0586805556
ordered from them,0.0000002189,0.0000190831,0.0400000000
a decent meal,0.0000002184,0.0000190350,0.0548611111
food is ready,0.0000002168,0.0000189009,0.0792361111
could have been,0.0000002164,0.0000188663,0.0100000000
let them know,0.0000002164,0.0000188663,0.0300000000
lunch special which,0.0000002163,0.0000188542,0.1086805556
a bit dry,0.0000002162,0.0000188422,0.0543055556
hankering for some,0.0000002144,0.0000186845,0.0718013784
keep going back,0.0000002115,0.0000184326,0.0500000000
ordered a small,0.0000002111,0.0000184025,0.0848611111
chicken was dry,0.0000002106,0.0000183603,0.0705555556
moved here from,0.0000002090,0.0000182157,0.0700000000
run out of,0.0000002090,0.0000182157,0.0400000000
let's just say,0.0000002090,0.0000182157,0.0400000000
your money's worth,0.0000002082,0.0000181517,0.0837046485
small bowl of,0.0000002082,0.0000181480,0.0643750000
ended up getting,0.0000002078,0.0000181096,0.0334042553
past this place,0.0000002070,0.0000180441,0.1386805556
reason i gave,0.0000002062,0.0000179777,0.2072563003
figure out what,0.0000002055,0.0000179167,0.0918013784
told me about,0.0000002052,0.0000178835,0.0434042553
a huge disappointment,0.0000002050,0.0000178724,0.0686805556
pieces of pork,0.0000002033,0.0000177248,0.0743055556
staff is super,0.0000001992,0.0000173617,0.2668721323
meals out of,0.0000001990,0.0000173483,0.0400000000
informed me that,0.0000001976,0.0000172257,0.0567391304
helpful and friendly,0.0000001959,0.0000170795,0.0716002415
didn't care for,0.0000001957,0.0000170607,0.0167391304
takeout from here,0.0000001945,0.0000169550,0.0601433858
happy to see,0.0000001941,0.0000169146,0.0300000000
asked me if,0.0000001941,0.0000169146,0.0600000000
service was nice,0.0000001936,0.0000168785,0.0648611111
won't be able,0.0000001917,0.0000167063,0.0770394737
don't know if,0.0000001916,0.0000166977,0.0100000000
i can't wait,0.0000001892,0.0000164929,0.0205555556
no matter what,0.0000001891,0.0000164809,0.0200000000
for those who,0.0000001891,0.0000164809,0.0200000000
by no means,0.0000001891,0.0000164809,0.0400000000
service was pleasant,0.0000001862,0.0000162339,0.0748611111
start off with,0.0000001860,0.0000162133,0.0534042553
asked for extra,0.0000001849,0.0000161210,0.1486805556
i don't care,0.0000001841,0.0000160472,0.0205555556
perfect amount of,0.0000001841,0.0000160472,0.0200000000
pork wonton in,0.0000001817,0.0000158349,0.0486805556
nice and crispy,0.0000001816,0.0000158303,0.0405555556
i've had better,0.0000001816,0.0000158303,0.0100000000
soup tasted like,0.0000001811,0.0000157888,0.1213472222
you can tell,0.0000001791,0.0000156135,0.0100000000
craving some good,0.0000001791,0.0000156135,0.0600000000
as long as,0.0000001791,0.0000156135,0.0100000000
quality and taste,0.0000001761,0.0000153484,0.0505555556
a bit disappointing,0.0000001760,0.0000153394,0.0643055556
a bad meal,0.0000001755,0.0000153002,0.0705555556
a loyal customer,0.0000001752,0.0000152701,0.0586805556
friendly and fast,0.0000001751,0.0000152641,0.1005555556
generous amount of,0.0000001744,0.0000152033,0.0467391304
bring me back,0.0000001741,0.0000151798,0.0700000000
real authentic chinese,0.0000001737,0.0000151438,0.2327803049
crab won tons,0.0000001728,0.0000150636,0.0631495276
made me feel,0.0000001717,0.0000149629,0.0300000000
this place deserves,0.0000001709,0.0000148936,0.0686805556
dishes are pretty,0.0000001707,0.0000148771,0.2286805556
in north phoenix,0.0000001706,0.0000148698,0.0571420940
worth a try,0.0000001692,0.0000147461,0.0200000000
for an appetizer,0.0000001692,0.0000147461,0.0200000000
variety of food,0.0000001677,0.0000146150,0.0449305556
would go back,0.0000001667,0.0000145292,0.0100000000
i really enjoyed,0.0000001654,0.0000144208,0.0105555556
up to par,0.0000001648,0.0000143643,0.0189256198
tasted just like,0.0000001642,0.0000143124,0.0600000000
must have been,0.0000001642,0.0000143124,0.0200000000
miss out on,0.0000001642,0.0000143124,0.0600000000
it wasn't bad,0.0000001642,0.0000143124,0.0200000000
glad we did,0.0000001642,0.0000143124,0.0300000000
piece of chicken,0.0000001638,0.0000142762,0.0548611111
remind me of,0.0000001628,0.0000141898,0.0467391304
food is average,0.0000001621,0.0000141301,0.0592361111
your typical fast,0.0000001618,0.0000141050,0.0722710531
only thing that,0.0000001617,0.0000140955,0.0100000000
service was outstanding,0.0000001614,0.0000140654,0.0648611111
service was amazing,0.0000001614,0.0000140654,0.0648611111
won't be back,0.0000001592,0.0000138786,0.0200000000
not sure what,0.0000001592,0.0000138786,0.0100000000
have been searching,0.0000001592,0.0000138786,0.0400000000
place is open,0.0000001585,0.0000138124,0.1592361111
lunch special for,0.0000001570,0.0000136829,0.0286805556
place to sit,0.0000001565,0.0000136437,0.1048611111
ordered a large,0.0000001563,0.0000136196,0.0448611111
place my order,0.0000001562,0.0000136136,0.0392361111
should have been,0.0000001542,0.0000134449,0.0100000000
in fountain hills,0.0000001525,0.0000132898,0.0471420940
and they deliver,0.0000001523,0.0000132763,0.0105555556
last few times,0.0000001521,0.0000132609,0.0470394737
i wouldn't recommend,0.0000001520,0.0000132522,0.0305555556
house special chow,0.0000001519,0.0000132422,0.6106490732
had left overs,0.0000001518,0.0000132280,0.0871420940
to go boxes,0.0000001513,0.0000131919,0.0405555556
nice and light,0.0000001509,0.0000131558,0.0505555556
will go back,0.0000001493,0.0000130112,0.0100000000
steer clear of,0.0000001486,0.0000129540,0.0543055556
to be seated,0.0000001483,0.0000129269,0.0205555556
my only complaint,0.0000001468,0.0000127944,0.0100000000
lunch special that,0.0000001453,0.0000126679,0.0486805556
have left overs,0.0000001453,0.0000126679,0.0486805556
pepper pork chop,0.0000001445,0.0000125959,0.2904234834
you know what,0.0000001443,0.0000125775,0.0100000000
that being said,0.0000001443,0.0000125775,0.0100000000
once a week,0.0000001443,0.0000125775,0.0100000000
excited to try,0.0000001443,0.0000125775,0.0200000000
food in phoenix,0.0000001442,0.0000125715,0.1449305556
fresh and crisp,0.0000001425,0.0000124246,0.0572946860
lunch one day,0.0000001420,0.0000123745,0.0634042553
growing up in,0.0000001418,0.0000123607,0.0300000000
china go go,0.0000001418,0.0000123607,0.0300000000
delivery is quick,0.0000001414,0.0000123251,0.0710446860
check on us,0.0000001397,0.0000121807,0.0234042553
pork and cabbage,0.0000001395,0.0000121605,0.0623079196
staff is always,0.0000001393,0.0000121438,0.0200000000
on a saturday,0.0000001393,0.0000121438,0.0200000000
chinese in vegas,0.0000001378,0.0000120113,0.0692361111
in a pinch,0.0000001377,0.0000120013,0.0172946860
to go container,0.0000001368,0.0000119270,0.0305555556
told them that,0.0000001368,0.0000119270,0.0500000000
a big fan,0.0000001368,0.0000119270,0.1100000000
ordered the mongolian,0.0000001365,0.0000118987,0.5486971268
to wait minutes,0.0000001347,0.0000117432,0.0386805556
wanting to try,0.0000001343,0.0000117101,0.0300000000
two or three,0.0000001343,0.0000117101,0.0300000000
not too spicy,0.0000001343,0.0000117101,0.0200000000
is definitely worth,0.0000001343,0.0000117101,0.0300000000
have been going,0.0000001343,0.0000117101,0.0100000000
free order of,0.0000001332,0.0000116122,0.0486805556
a nice kick,0.0000001332,0.0000116122,0.0486805556
checked on us,0.0000001331,0.0000116051,0.0281661601
a little pricey,0.0000001319,0.0000114933,0.0100000000
a nice selection,0.0000001314,0.0000114526,0.0586805556
type of food,0.0000001309,0.0000114119,0.0292361111
food in town,0.0000001305,0.0000113773,0.1049305556
ordered a variety,0.0000001304,0.0000113637,0.0748611111
beef and shrimp,0.0000001301,0.0000113372,0.0475277778
while we waited,0.0000001294,0.0000112764,0.0200000000
may not be,0.0000001294,0.0000112764,0.0100000000
has been consistently,0.0000001287,0.0000112208,0.0470394737
were a bit,0.0000001287,0.0000112162,0.0105555556
in a hurry,0.0000001287,0.0000112162,0.0105555556
average at best,0.0000001281,0.0000111657,0.0234042553
golden egg roll,0.0000001277,0.0000111325,0.0427803049
a five star,0.0000001269,0.0000110595,0.0300000000
when i walked,0.0000001244,0.0000108427,0.0100000000
surprised to see,0.0000001244,0.0000108427,0.0200000000
nice to see,0.0000001244,0.0000108427,0.0200000000
specials are great,0.0000001242,0.0000108263,0.2496226415
several years ago,0.0000001236,0.0000107700,0.0382035928
order was wrong,0.0000001228,0.0000107011,0.0448611111
we were happy,0.0000001227,0.0000106981,0.0205555556
you don't want,0.0000001219,0.0000106258,0.0100000000
i've never had,0.0000001219,0.0000106258,0.0100000000
rolls are great,0.0000001216,0.0000105957,0.2443055556
a half hour,0.0000001213,0.0000105731,0.0286805556
good size portions,0.0000001211,0.0000105566,0.0486805556
a quick lunch,0.0000001211,0.0000105536,0.0405555556
food is mediocre,0.0000001206,0.0000105099,0.0692361111
beef short ribs,0.0000001204,0.0000104943,0.1209838977
what you're getting,0.0000001198,0.0000104418,0.0370394737
don't be fooled,0.0000001195,0.0000104184,0.0686332222
soup came out,0.0000001194,0.0000104090,0.0600000000
reviews on here,0.0000001194,0.0000104090,0.0400000000
picked it up,0.0000001194,0.0000104090,0.0200000000
others have mentioned,0.0000001194,0.0000104090,0.0400000000
not too sweet,0.0000001194,0.0000104090,0.0200000000
for your money,0.0000001194,0.0000104090,0.0200000000
chock full of,0.0000001194,0.0000104090,0.0400000000
beef stew noodle,0.0000001171,0.0000102084,0.2353751767
if you need,0.0000001169,0.0000101921,0.0100000000
has always been,0.0000001169,0.0000101921,0.0100000000
my boyfriend ordered,0.0000001168,0.0000101801,0.0586805556
hard to mess,0.0000001151,0.0000100312,0.0925153017
what you pay,0.0000001144,0.0000099753,0.0200000000
tucked away in,0.0000001144,0.0000099753,0.0200000000
told me that,0.0000001144,0.0000099753,0.0100000000
had no flavor,0.0000001144,0.0000099753,0.0100000000
give it stars,0.0000001144,0.0000099753,0.0100000000
don't know why,0.0000001144,0.0000099753,0.0100000000
ordered the pan,0.0000001143,0.0000099665,0.4595943834
an extensive menu,0.0000001141,0.0000099415,0.0382035928
rice was dry,0.0000001130,0.0000098458,0.0648611111
was really nice,0.0000001129,0.0000098428,0.0105555556
forward to trying,0.0000001124,0.0000097997,0.0347619048
you can find,0.0000001120,0.0000097584,0.0100000000
will definitely be,0.0000001120,0.0000097584,0.0100000000
made us feel,0.0000001120,0.0000097584,0.0300000000
i'm pretty sure,0.0000001120,0.0000097584,0.0100000000
be a bit,0.0000001118,0.0000097488,0.0132222222
bad meal here,0.0000001118,0.0000097432,0.1497660273
shrimp and broccoli,0.0000001116,0.0000097283,0.0448611111
nice and spicy,0.0000001113,0.0000097042,0.0248611111
fair share of,0.0000001110,0.0000096771,0.0743750000
goo gai pan,0.0000001104,0.0000096203,0.4436325042
surprised to find,0.0000001095,0.0000095416,0.0400000000
restaurant has been,0.0000001095,0.0000095416,0.0400000000
order here again,0.0000001095,0.0000095416,0.0400000000
once in awhile,0.0000001095,0.0000095416,0.0400000000
did not disappoint,0.0000001095,0.0000095416,0.0100000000
sour and spicy,0.0000001092,0.0000095175,0.0548611111
ordered a lot,0.0000001087,0.0000094753,0.1092361111
spicy beef noodle,0.0000001081,0.0000094224,0.4345056115
waste your time,0.0000001078,0.0000094005,0.0481661601
a bad choice,0.0000001070,0.0000093292,0.0286805556
have never been,0.0000001070,0.0000093247,0.0100000000
the chinese cultural,0.0000001066,0.0000092949,0.4286267127
ordering from here,0.0000001048,0.0000091355,0.0234042553
new asian kitchen,0.0000001045,0.0000091131,0.0382035928
we'll be back,0.0000001045,0.0000091079,0.0100000000
service can be,0.0000001045,0.0000091079,0.0200000000
places like this,0.0000001045,0.0000091079,0.0200000000
if you haven't,0.0000001045,0.0000091079,0.0100000000
here for dinner,0.0000001045,0.0000091079,0.0100000000
come back here,0.0000001045,0.0000091079,0.0100000000
here in vegas,0.0000001040,0.0000090645,0.0126666667
spot for chinese,0.0000001039,0.0000090582,0.1392361111
way better than,0.0000001020,0.0000088910,0.0100000000
a few things,0.0000001020,0.0000088910,0.0100000000
eat at panda,0.0000001008,0.0000087850,0.2025552296
service was wonderful,0.0000001004,0.0000087555,0.0448611111
can't say enough,0.0000001000,0.0000087175,0.0268000000
sauce on top,0.0000000995,0.0000086742,0.0500000000
take out places,0.0000000995,0.0000086742,0.0200000000
suppose to be,0.0000000995,0.0000086742,0.0200000000
difficult to find,0.0000000995,0.0000086742,0.0200000000
blown away by,0.0000000990,0.0000086280,0.0234042553
nice and hot,0.0000000990,0.0000086260,0.0248611111
wanted to love,0.0000000988,0.0000086079,0.0992361111
sweet and spicy,0.0000000972,0.0000084693,0.0205555556
prompt and friendly,0.0000000970,0.0000084576,0.0780023641
more expensive than,0.0000000970,0.0000084573,0.0100000000
quality and service,0.0000000955,0.0000083278,0.0548611111
ran out of,0.0000000945,0.0000082404,0.0200000000
keep in mind,0.0000000945,0.0000082404,0.0100000000
most asian restaurants,0.0000000939,0.0000081832,0.0343055556
a business trip,0.0000000939,0.0000081832,0.0343055556
nothing to rave,0.0000000936,0.0000081544,0.0289256198
let me start,0.0000000936,0.0000081544,0.0289256198
my bf ordered,0.0000000928,0.0000080853,0.0286805556
between two people,0.0000000926,0.0000080720,0.0338394737
i've experienced better,0.0000000921,0.0000080322,0.0370394737
you can watch,0.0000000921,0.0000080236,0.0100000000
not too salty,0.0000000921,0.0000080236,0.0100000000
service is pretty,0.0000000911,0.0000079393,0.0732222222
spit it out,0.0000000896,0.0000078067,0.0200000000
should have known,0.0000000896,0.0000078067,0.0200000000
makes up for,0.0000000896,0.0000078067,0.0200000000
make you feel,0.0000000896,0.0000078067,0.0200000000
happen to be,0.0000000896,0.0000078067,0.0200000000
even though we,0.0000000896,0.0000078067,0.0100000000
ended up having,0.0000000896,0.0000078067,0.0300000000
chunks of chicken,0.0000000893,0.0000077826,0.0448611111
huge bowl of,0.0000000882,0.0000076863,0.0443055556
won ton noodle,0.0000000876,0.0000076357,0.1760559911
and most importantly,0.0000000869,0.0000075778,0.0205555556
veggies and meat,0.0000000867,0.0000075598,0.0348611111
small order of,0.0000000866,0.0000075492,0.0386805556
favorite part of,0.0000000847,0.0000073825,0.0567391304
totally worth it,0.0000000847,0.0000073791,0.0243055556
you would expect,0.0000000846,0.0000073730,0.0100000000
since we moved,0.0000000846,0.0000073730,0.0200000000
my first review,0.0000000846,0.0000073730,0.0200000000
i've ever experienced,0.0000000842,0.0000073382,0.0338394737
place is awesome,0.0000000825,0.0000071923,0.1105555556
we always order,0.0000000821,0.0000071562,0.0100000000
safe to say,0.0000000821,0.0000071562,0.0300000000
pretty much anything,0.0000000821,0.0000071562,0.0300000000
place itself is,0.0000000821,0.0000071562,0.0300000000
glad i did,0.0000000821,0.0000071562,0.0100000000
can't comment on,0.0000000821,0.0000071562,0.0300000000
soup was great,0.0000000819,0.0000071381,0.0548611111
hot and tasty,0.0000000818,0.0000071321,0.0205555556
on a bed,0.0000000814,0.0000070959,0.0105555556
my favorite asian,0.0000000811,0.0000070703,0.1086805556
wait for your,0.0000000796,0.0000069393,0.0200000000
stopped in here,0.0000000796,0.0000069393,0.0200000000
read some of,0.0000000796,0.0000069393,0.0200000000
large bowl of,0.0000000785,0.0000068414,0.0286805556
a nice surprise,0.0000000785,0.0000068414,0.0286805556
food is prepared,0.0000000781,0.0000068068,0.0392361111
restaurant in madison,0.0000000778,0.0000067857,0.1043055556
you will find,0.0000000771,0.0000067225,0.0100000000
when we walked,0.0000000771,0.0000067225,0.0100000000
we were told,0.0000000771,0.0000067225,0.0100000000
on a sunday,0.0000000771,0.0000067225,0.0100000000
is always nice,0.0000000767,0.0000066863,0.0205555556
lady who took,0.0000000756,0.0000065887,0.0434042553
take out orders,0.0000000746,0.0000065056,0.0100000000
like any other,0.0000000746,0.0000065056,0.0100000000
expensive for what,0.0000000746,0.0000065056,0.0200000000
chance to try,0.0000000746,0.0000065056,0.0200000000
a few items,0.0000000746,0.0000065056,0.0200000000
owners are very,0.0000000746,0.0000065056,0.0300000000
is well worth,0.0000000746,0.0000065056,0.0300000000
at this establishment,0.0000000746,0.0000065056,0.0300000000
tofu and vegetables,0.0000000742,0.0000064695,0.0248611111
won't be sorry,0.0000000740,0.0000064500,0.0270394737
no where near,0.0000000740,0.0000064500,0.0270394737
made me wonder,0.0000000740,0.0000064500,0.0270394737
soup is delicious,0.0000000737,0.0000064228,0.0592361111
to go orders,0.0000000735,0.0000064092,0.0105555556
bad experience with,0.0000000730,0.0000063626,0.0586805556
pay attention to,0.0000000726,0.0000063249,0.0243055556
try something new,0.0000000721,0.0000062888,0.0100000000
they told me,0.0000000721,0.0000062888,0.0100000000
there are plenty,0.0000000721,0.0000062888,0.0100000000
once a month,0.0000000721,0.0000062888,0.0100000000
a few tables,0.0000000721,0.0000062888,0.0100000000
we were eating,0.0000000709,0.0000061803,0.0105555556
restaurant was clean,0.0000000706,0.0000061562,0.0405555556
you can eat,0.0000000697,0.0000060719,0.0100000000
will come back,0.0000000697,0.0000060719,0.0100000000
we were hungry,0.0000000697,0.0000060719,0.0100000000
place was empty,0.0000000697,0.0000060719,0.0100000000
part of town,0.0000000697,0.0000060719,0.0100000000
live up to,0.0000000697,0.0000060719,0.0100000000
in any case,0.0000000697,0.0000060719,0.0200000000
if you decide,0.0000000697,0.0000060719,0.0200000000
service is amazing,0.0000000694,0.0000060478,0.0348611111
polite and friendly,0.0000000680,0.0000059304,0.0248611111
during my stay,0.0000000673,0.0000058636,0.0270394737
better than any,0.0000000672,0.0000058551,0.0100000000
looked and tasted,0.0000000671,0.0000058504,0.0674468085
rice was delicious,0.0000000670,0.0000058370,0.0448611111
chicken was cooked,0.0000000670,0.0000058370,0.0448611111
bowl of hot,0.0000000662,0.0000057692,0.0886805556
off the beaten,0.0000000657,0.0000057248,0.1319973073
ton of food,0.0000000650,0.0000056623,0.1305555556
tasted really good,0.0000000647,0.0000056382,0.0200000000
take a chance,0.0000000647,0.0000056382,0.0200000000
on a friday,0.0000000647,0.0000056382,0.0100000000
in our group,0.0000000647,0.0000056382,0.0200000000
where to begin,0.0000000646,0.0000056306,0.0259650935
so we decided,0.0000000622,0.0000054213,0.0100000000
at least times,0.0000000622,0.0000054213,0.0100000000
rice and noodle,0.0000000619,0.0000053912,0.0248611111
chicken and mushroom,0.0000000619,0.0000053912,0.0248611111
pot of hot,0.0000000602,0.0000052498,0.1210446860
seemed a bit,0.0000000597,0.0000052045,0.0200000000
says a lot,0.0000000597,0.0000052045,0.0200000000
minutes or so,0.0000000597,0.0000052045,0.0200000000
a big bowl,0.0000000597,0.0000052045,0.0200000000
you're better off,0.0000000593,0.0000051731,0.0170394737
you can ask,0.0000000572,0.0000049876,0.0100000000
recently moved to,0.0000000571,0.0000049756,0.0286805556
was well worth,0.0000000563,0.0000049033,0.0205555556
a new favorite,0.0000000563,0.0000049033,0.0205555556
soup was tasty,0.0000000558,0.0000048642,0.0448611111
my drink order,0.0000000558,0.0000048611,0.0186805556
old school chinese,0.0000000552,0.0000048114,0.0443750000
big fan of,0.0000000547,0.0000047708,0.1100000000
waited for our,0.0000000547,0.0000047708,0.0200000000
picky about my,0.0000000547,0.0000047708,0.0200000000
had since moving,0.0000000547,0.0000047708,0.0200000000
grew up in,0.0000000547,0.0000047708,0.0100000000
soup was bland,0.0000000546,0.0000047587,0.0548611111
type of chinese,0.0000000537,0.0000046777,0.0719027778
a great location,0.0000000526,0.0000045886,0.0192361111
for that matter,0.0000000525,0.0000045780,0.0105555556
order from them,0.0000000522,0.0000045539,0.0100000000
at least once,0.0000000522,0.0000045539,0.0100000000
a few months,0.0000000522,0.0000045539,0.0100000000
a few days,0.0000000522,0.0000045539,0.0100000000
a side note,0.0000000522,0.0000045539,0.0300000000
tender and tasty,0.0000000520,0.0000045359,0.0348611111
hot and crispy,0.0000000520,0.0000045359,0.0348611111
stars from me,0.0000000500,0.0000043601,0.0134042553
i look forward,0.0000000499,0.0000043491,0.0105555556
a bit disappointed,0.0000000498,0.0000043431,0.0143055556
no one else,0.0000000498,0.0000043371,0.0100000000
my second visit,0.0000000498,0.0000043371,0.0200000000
meant to be,0.0000000498,0.0000043371,0.0100000000
check up on,0.0000000498,0.0000043371,0.0200000000
better than average,0.0000000498,0.0000043371,0.0100000000
appears to be,0.0000000498,0.0000043371,0.0100000000
a little weird,0.0000000498,0.0000043371,0.0100000000
place for years,0.0000000494,0.0000043039,0.0992361111
were seated quickly,0.0000000488,0.0000042546,0.0980987267
a bad dish,0.0000000481,0.0000041895,0.0148611111
to be delivered,0.0000000473,0.0000041202,0.0105555556
trying to eat,0.0000000473,0.0000041202,0.0100000000
sad to say,0.0000000473,0.0000041202,0.0100000000
a little slow,0.0000000473,0.0000041202,0.0100000000
a big plate,0.0000000465,0.0000040510,0.0186805556
forward to coming,0.0000000462,0.0000040264,0.1856726959
friendly and quick,0.0000000460,0.0000040118,0.0205555556
she said she,0.0000000448,0.0000039034,0.0100000000
send it back,0.0000000448,0.0000039034,0.0100000000
noodles are made,0.0000000448,0.0000039034,0.0200000000
grew up with,0.0000000448,0.0000039034,0.0100000000
amount of sauce,0.0000000448,0.0000039034,0.0300000000
able to eat,0.0000000448,0.0000039034,0.0100000000
a small bowl,0.0000000448,0.0000039034,0.0200000000
a few weeks,0.0000000448,0.0000039034,0.0100000000
i must admit,0.0000000446,0.0000038913,0.0105555556
had in phoenix,0.0000000446,0.0000038913,0.0105555556
clean and friendly,0.0000000434,0.0000037799,0.0348611111
a large selection,0.0000000428,0.0000037317,0.0286805556
white or fried,0.0000000424,0.0000036968,0.1704728390
to your liking,0.0000000423,0.0000036865,0.0100000000
spice it up,0.0000000423,0.0000036865,0.0100000000
he said that,0.0000000423,0.0000036865,0.0100000000
easy to find,0.0000000423,0.0000036865,0.0100000000
asked if they,0.0000000423,0.0000036865,0.0100000000
excited to see,0.0000000416,0.0000036299,0.0167391304
coming here since,0.0000000416,0.0000036219,0.0334042553
you might be,0.0000000410,0.0000035709,0.0126666667
gave them a,0.0000000410,0.0000035709,0.0126666667
wrong with any,0.0000000398,0.0000034697,0.0400000000
wait to try,0.0000000398,0.0000034697,0.0100000000
they could make,0.0000000398,0.0000034697,0.0100000000
he said he,0.0000000398,0.0000034697,0.0100000000
amount of meat,0.0000000398,0.0000034697,0.0100000000
ahead of time,0.0000000398,0.0000034697,0.0100000000
lady behind the,0.0000000397,0.0000034566,0.1593995927
place is fantastic,0.0000000396,0.0000034531,0.1592361111
place for delivery,0.0000000394,0.0000034365,0.0792361111
a quick fix,0.0000000391,0.0000034124,0.0143055556
order was ready,0.0000000380,0.0000033130,0.0305555556
took care of,0.0000000373,0.0000032528,0.0100000000
glad to see,0.0000000373,0.0000032528,0.0100000000
restaurant i've been,0.0000000373,0.0000032528,0.0300000000
bowl of egg,0.0000000370,0.0000032242,0.1486805556
i highly suggest,0.0000000370,0.0000032227,0.0148611111
flavorful and fresh,0.0000000370,0.0000032227,0.0148611111
able to order,0.0000000368,0.0000032046,0.0105555556
a pleasant experience,0.0000000356,0.0000031022,0.0143055556
chicken was bland,0.0000000355,0.0000030920,0.0475277778
after reading reviews,0.0000000351,0.0000030580,0.0282035928
hung up on,0.0000000349,0.0000030452,0.0234042553
doing something right,0.0000000349,0.0000030446,0.0468000000
you should try,0.0000000348,0.0000030360,0.0100000000
you can probably,0.0000000348,0.0000030360,0.0100000000
we've ever had,0.0000000348,0.0000030360,0.0100000000
on my list,0.0000000348,0.0000030360,0.0100000000
neither of us,0.0000000348,0.0000030360,0.0100000000
found out about,0.0000000348,0.0000030360,0.0100000000
before they closed,0.0000000348,0.0000030360,0.0100000000
above and beyond,0.0000000348,0.0000030360,0.0100000000
wait for food,0.0000000347,0.0000030239,0.0348611111
instead of rice,0.0000000341,0.0000029757,0.0105555556
go to spot,0.0000000341,0.0000029757,0.0105555556
can't believe how,0.0000000337,0.0000029360,0.0135391304
soup was excellent,0.0000000335,0.0000029185,0.0448611111
chicken with garlic,0.0000000334,0.0000029140,0.1343750000
ordering from them,0.0000000333,0.0000029068,0.0134042553
soup was delicious,0.0000000333,0.0000029004,0.0148611111
fresh and flavorful,0.0000000333,0.0000029004,0.0148611111
family has been,0.0000000332,0.0000028975,0.0334042553
you can imagine,0.0000000323,0.0000028191,0.0100000000
would have gotten,0.0000000323,0.0000028191,0.0100000000
will never return,0.0000000323,0.0000028191,0.0100000000
when we called,0.0000000323,0.0000028191,0.0100000000
twice a month,0.0000000323,0.0000028191,0.0100000000
they will deliver,0.0000000323,0.0000028191,0.0100000000
my first choice,0.0000000323,0.0000028191,0.0100000000
much better food,0.0000000323,0.0000028191,0.0100000000
long time since,0.0000000323,0.0000028191,0.0100000000
it four stars,0.0000000323,0.0000028191,0.0100000000
if you wanted,0.0000000323,0.0000028191,0.0100000000
from back east,0.0000000323,0.0000028191,0.0100000000
east side of,0.0000000323,0.0000028191,0.0100000000
been in business,0.0000000323,0.0000028191,0.0100000000
our favorite chinese,0.0000000320,0.0000027920,0.0643750000
on a scale,0.0000000315,0.0000027468,0.0105555556
in my heart,0.0000000315,0.0000027468,0.0105555556
from the moment,0.0000000315,0.0000027468,0.0105555556
you find yourself,0.0000000299,0.0000026022,0.0100000000
we just moved,0.0000000299,0.0000026022,0.0100000000
we each ordered,0.0000000299,0.0000026022,0.0100000000
way over priced,0.0000000299,0.0000026022,0.0100000000
pretty sure they,0.0000000299,0.0000026022,0.0300000000
isn't that great,0.0000000299,0.0000026022,0.0100000000
i'll tell you,0.0000000299,0.0000026022,0.0100000000
do not deliver,0.0000000299,0.0000026022,0.0100000000
could have gone,0.0000000299,0.0000026022,0.0100000000
a little disappointed,0.0000000289,0.0000025179,0.0105555556
home from work,0.0000000285,0.0000024829,0.0381661601
cheese won tons,0.0000000284,0.0000024734,0.1140591462
extra star for,0.0000000279,0.0000024306,0.0186805556
you can add,0.0000000274,0.0000023854,0.0100000000
table next to,0.0000000274,0.0000023854,0.0100000000
small pieces of,0.0000000274,0.0000023854,0.0100000000
overpriced for what,0.0000000274,0.0000023854,0.0100000000
it first opened,0.0000000274,0.0000023854,0.0100000000
it another shot,0.0000000274,0.0000023854,0.0100000000
i'm a vegetarian,0.0000000274,0.0000023854,0.0100000000
have no clue,0.0000000274,0.0000023854,0.0100000000
have been eating,0.0000000274,0.0000023854,0.0100000000
few pieces of,0.0000000274,0.0000023854,0.0100000000
a little heavy,0.0000000274,0.0000023854,0.0100000000
noodles with chicken,0.0000000273,0.0000023824,0.0549305556
the happy family,0.0000000266,0.0000023191,0.0048611111
what a deal,0.0000000263,0.0000022890,0.0105555556
make the drive,0.0000000263,0.0000022890,0.0105555556
nice and attentive,0.0000000259,0.0000022559,0.0148611111
reviews and decided,0.0000000252,0.0000021926,0.0505555556
a half dozen,0.0000000249,0.0000021716,0.0143055556
where i live,0.0000000249,0.0000021685,0.0100000000
we were waiting,0.0000000249,0.0000021685,0.0100000000
waited on us,0.0000000249,0.0000021685,0.0100000000
take our order,0.0000000249,0.0000021685,0.0100000000
pricey for what,0.0000000249,0.0000021685,0.0200000000
my first trip,0.0000000249,0.0000021685,0.0100000000
long enough to,0.0000000249,0.0000021685,0.0100000000
if you're looking,0.0000000249,0.0000021685,0.0100000000
he took our,0.0000000249,0.0000021685,0.0100000000
have tried several,0.0000000249,0.0000021685,0.0100000000
hard for me,0.0000000249,0.0000021685,0.0100000000
a little longer,0.0000000249,0.0000021685,0.0100000000
pork and duck,0.0000000245,0.0000021354,0.0492361111
order of fried,0.0000000245,0.0000021354,0.0492361111
me to write,0.0000000236,0.0000020601,0.0105555556
are you kidding,0.0000000235,0.0000020460,0.0067391304
you can easily,0.0000000224,0.0000019517,0.0100000000
you ask them,0.0000000224,0.0000019517,0.0100000000
we got home,0.0000000224,0.0000019517,0.0100000000
specials come with,0.0000000224,0.0000019517,0.0300000000
a huge fan,0.0000000224,0.0000019517,0.0300000000
soup was pretty,0.0000000223,0.0000019457,0.0448611111
next door to,0.0000000219,0.0000019083,0.0026666667
selection of food,0.0000000218,0.0000019020,0.0292361111
i love coming,0.0000000218,0.0000019020,0.0292361111
make their own,0.0000000218,0.0000018998,0.0067391304
don't care about,0.0000000218,0.0000018998,0.0067391304
bad taste in,0.0000000214,0.0000018658,0.0286805556
within a mile,0.0000000199,0.0000017348,0.0200000000
we got seated,0.0000000199,0.0000017348,0.0100000000
hoping to find,0.0000000199,0.0000017348,0.0100000000
a few pieces,0.0000000199,0.0000017348,0.0100000000
place for quick,0.0000000197,0.0000017183,0.0792361111
place on yelp,0.0000000196,0.0000017062,0.0786805556
an average chinese,0.0000000196,0.0000017062,0.0786805556
food in arizona,0.0000000195,0.0000017017,0.0392361111
fan of chinese,0.0000000186,0.0000016249,0.0749305556
the lady who,0.0000000186,0.0000016192,0.0026666667
too much oil,0.0000000184,0.0000016075,0.0067391304
to go box,0.0000000184,0.0000016023,0.0105555556
had to flag,0.0000000184,0.0000016023,0.0105555556
we were ready,0.0000000174,0.0000015180,0.0100000000
their own noodles,0.0000000174,0.0000015180,0.0100000000
minutes before they,0.0000000174,0.0000015180,0.0100000000
big bowl of,0.0000000174,0.0000015180,0.0100000000
a full bar,0.0000000174,0.0000015180,0.0100000000
dish was pretty,0.0000000173,0.0000015120,0.0348611111
based on yelp,0.0000000167,0.0000014560,0.0671420940
staff was super,0.0000000161,0.0000014065,0.0648611111
shrimp in lobster,0.0000000159,0.0000013864,0.0639344262
a little hard,0.0000000158,0.0000013734,0.0105555556
a tiny bit,0.0000000150,0.0000013071,0.0043055556
rolls which were,0.0000000149,0.0000013011,0.0200000000
placed our order,0.0000000149,0.0000013011,0.0200000000
person who took,0.0000000149,0.0000013011,0.0200000000
kick it up,0.0000000149,0.0000013011,0.0200000000
going to china,0.0000000149,0.0000013011,0.0100000000
finally decided to,0.0000000149,0.0000013011,0.0100000000
delivery from here,0.0000000149,0.0000013011,0.0100000000
definitely recommend this,0.0000000149,0.0000013011,0.0100000000
this place reminds,0.0000000146,0.0000012725,0.0586805556
duck and bbq,0.0000000143,0.0000012458,0.0574468085
to wait long,0.0000000143,0.0000012439,0.0286805556
lunch today and,0.0000000143,0.0000012439,0.0286805556
a big group,0.0000000139,0.0000012138,0.0043055556
we'll definitely be,0.0000000134,0.0000011691,0.0067391304
of other places,0.0000000134,0.0000011665,0.0179310345
definitely worth checking,0.0000000120,0.0000010453,0.0482035928
for your buck,0.0000000117,0.0000010230,0.0067391304
have a hankering,0.0000000105,0.0000009156,0.0105555556
they first opened,0.0000000100,0.0000008674,0.0100000000
forever to get,0.0000000100,0.0000008674,0.0100000000
a long night,0.0000000096,0.0000008403,0.0043055556
mein noodles were,0.0000000096,0.0000008388,0.0386805556
by its cover,0.0000000092,0.0000007980,0.0368000000
has become a,0.0000000086,0.0000007518,0.0026666667
staff was extremely,0.0000000085,0.0000007439,0.0343055556
if you dine,0.0000000075,0.0000006506,0.0100000000
have no idea,0.0000000075,0.0000006506,0.0100000000
was below average,0.0000000073,0.0000006361,0.0026666667
of some sort,0.0000000066,0.0000005783,0.0026666667
a couple weeks,0.0000000064,0.0000005602,0.0043055556
a couple days,0.0000000064,0.0000005602,0.0043055556
husband loves the,0.0000000060,0.0000005271,0.0243055556
amount of spice,0.0000000050,0.0000004337,0.0100000000
to be desired,0.0000000047,0.0000004096,0.0005555556
a huge bowl,0.0000000043,0.0000003735,0.0043055556
on a whim,0.0000000039,0.0000003373,0.0005555556
have never experienced,0.0000000025,0.0000002169,0.0100000000
bang for your,0.0000000025,0.0000002169,0.0100000000
on a wednesday,0.0000000021,0.0000001807,0.0005555556
